Aerified,930 La Follette Lane,Austin,78715,United States,envisioneer real-time applications
Stronghold,85 Laurel Plaza,Lynn,01905,United States,aggregate holistic architectures
Subin,2950 Delaware Parkway,New Orleans,70187,United States,extend efficient niches
Biodex,965 Miller Way,Kansas City,64187,United States,syndicate granular mindshare
Namfix,68936 Lyons Circle,Charlotte,28299,United States,e-enable mission-critical infrastructures
Redhold,224 Golf View Pass,Madison,53716,United States,iterate frictionless e-business
Wrapsafe,4134 Vermont Way,Oklahoma City,73190,United States,transform visionary e-services
Stringtough,9 Quincy Way,Chicago,60681,United States,maximize sticky content
Sub-Ex,61899 Dexter Park,Corona,92878,United States,synthesize robust schemas
Subin,0 Northland Place,Colorado Springs,80945,United States,streamline B2C synergies
Sub-Ex,73428 Green Ridge Court,Milwaukee,53263,United States,utilize vertical systems
Hatity,4732 Twin Pines Place,Orlando,32891,United States,reintermediate ubiquitous channels
Zontrax,33 Kensington Plaza,Los Angeles,90071,United States,streamline holistic paradigms
Stim,2608 Hoepker Pass,Clearwater,34620,United States,brand bleeding-edge architectures
Konklab,182 Elka Drive,Dayton,45432,United States,deploy cross-media niches
Viva,94949 Clemons Junction,Grand Rapids,49505,United States,envisioneer proactive infrastructures
Asoka,02 Erie Point,Van Nuys,91406,United States,seize granular paradigms
Biodex,97373 Annamark Road,Melbourne,32941,United States,target strategic platforms
Greenlam,683 Thierer Parkway,Albuquerque,87140,United States,transform compelling content
Tresom,40843 East Circle,Jefferson City,65110,United States,strategize e-business users
Viva,63 Springview Court,Colorado Springs,80930,United States,mesh 24/365 eyeballs
Stronghold,86 Vermont Place,Colorado Springs,80930,United States,revolutionize granular communities
Tampflex,5 Eastlawn Way,Dearborn,48126,United States,iterate real-time e-commerce
Hatity,302 Alpine Road,Petaluma,94975,United States,engineer next-generation channels
Hatity,6213 Colorado Drive,Louisville,40205,United States,scale next-generation e-services
It,03264 Homewood Pass,Annapolis,21405,United States,empower interactive deliverables
Y-find,9 Doe Crossing Crossing,Newark,07195,United States,mesh vertical schemas
Span,710 Ramsey Hill,Staten Island,10310,United States,productize cross-media infomediaries
Zoolab,9 Dovetail Center,Des Moines,50362,United States,brand plug-and-play models
Konklux,38587 Sullivan Drive,Waco,76796,United States,target customized functionalities
Toughjoyfax,081 Fordem Court,Schaumburg,60193,United States,incentivize global deliverables
Cardify,97136 Arapahoe Trail,Colorado Springs,80920,United States,transform frictionless architectures
Namfix,41897 Thompson Circle,Sacramento,94263,United States,unleash turn-key deliverables
Overhold,1 Mayer Street,Schenectady,12305,United States,revolutionize bleeding-edge technologies
Lotstring,09 Manley Court,Denver,80291,United States,grow frictionless paradigms
Redhold,2555 7th Point,Chicago,60681,United States,exploit distributed channels
Kanlam,17755 Sugar Plaza,El Paso,88541,United States,morph visionary schemas
Bigtax,062 Di Loreto Parkway,Houston,77070,United States,enable front-end e-tailers
Voyatouch,1 Evergreen Point,Miami,33190,United States,syndicate B2B ROI
Treeflex,17 Pennsylvania Junction,Battle Creek,49018,United States,brand 24/365 interfaces
Fix San,281 Prairieview Way,Kansas City,64136,United States,evolve global paradigms
Zontrax,297 Express Road,Albany,31704,United States,exploit B2C supply-chains
Flexidy,660 Debra Pass,Jamaica,11480,United States,synthesize cross-platform solutions
Transcof,59266 Eastwood Center,Rochester,55905,United States,expedite open-source bandwidth
Domainer,1 Hermina Junction,Newark,19725,United States,brand granular web services
Biodex,5747 Thompson Point,Baton Rouge,70836,United States,deliver efficient channels
Opela,35 Basil Point,Des Moines,50981,United States,cultivate collaborative metrics
Alpha,14336 Upham Point,Portland,97240,United States,innovate sexy ROI
Flexidy,349 Fremont Crossing,Springfield,22156,United States,engineer seamless networks
Domainer,0259 Johnson Street,Tucson,85754,United States,innovate transparent relationships
Flexidy,4456 Lillian Terrace,Buffalo,14205,United States,mesh end-to-end models
Zaam-Dox,17099 New Castle Hill,Los Angeles,90071,United States,extend collaborative models
Bytecard,30159 Raven Terrace,San Francisco,94159,United States,transition holistic communities
Prodder,88530 Birchwood Terrace,Johnson City,37605,United States,grow mission-critical niches
Duobam,41 Sommers Terrace,New York City,10131,United States,architect value-added bandwidth
Veribet,92463 Center Point,Corpus Christi,78410,United States,strategize 24/365 e-tailers
Keylex,28 Kim Parkway,Austin,78703,United States,transition bricks-and-clicks e-tailers
Ventosanzap,13624 Little Fleur Park,Atlanta,30358,United States,recontextualize clicks-and-mortar partnerships
Voltsillam,56837 Eastwood Crossing,Omaha,68134,United States,exploit dot-com e-markets
Bamity,71693 Katie Crossing,Dayton,45432,United States,morph wireless channels
Tin,53 Lotheville Lane,Laurel,20709,United States,transform enterprise users
Toughjoyfax,09701 Susan Crossing,Odessa,79764,United States,harness killer web services
Stronghold,1935 Lakewood Gardens Court,Youngstown,44505,United States,incentivize user-centric supply-chains
Lotstring,4 Debs Avenue,San Diego,92165,United States,enhance world-class web services
Flowdesk,32 Everett Avenue,Amarillo,79176,United States,productize global action-items
Opela,4 Shelley Alley,Charleston,25362,United States,grow efficient methodologies
Zontrax,56031 Sheridan Junction,Chattanooga,37410,United States,implement 24/365 metrics
Opela,599 South Avenue,Rochester,14652,United States,aggregate proactive relationships
Duobam,55762 Kensington Circle,Evansville,47725,United States,enable cross-platform users
Daltfresh,2 Oak Valley Crossing,Kissimmee,34745,United States,scale killer systems
Trippledex,0 West Road,Honolulu,96805,United States,recontextualize bricks-and-clicks content
Sub-Ex,638 Forest Run Pass,Oklahoma City,73135,United States,grow vertical eyeballs