Charles Smith,csmithg3@myspace.com,358-(517)241-5715
Ruby Knight,rknight7a@sciencedirect.com,55-(689)802-4839
Lori Fuller,lfullercv@usa.gov,420-(269)438-8693
Raymond Griffin,rgriffinlp@flickr.com,502-(947)770-9843
Marilyn Larson,mlarsongl@ebay.com,81-(809)353-0632
John Rogers,jrogersdd@msn.com,507-(298)880-2786
Ruth Harrison,rharrisonmn@fc2.com,33-(398)508-7044
Peter Stephens,pstephenskc@toplist.cz,254-(952)653-6339
Julie Webb,jwebbln@rakuten.co.jp,86-(402)768-0642
Diana Willis,dwillisr7@sitemeter.com,86-(761)891-4081
Christine Matthews,cmatthews2u@dedecms.com,27-(318)890-6986
Larry Wood,lwoodi8@gizmodo.com,7-(331)134-7589
Janet Cole,jcoleg2@jugem.jp,386-(935)831-5409
Heather Nichols,hnichols32@parallels.com,33-(976)723-4709
Marie Harper,mharperht@usda.gov,237-(625)621-4213
Paula Price,pprice89@mayoclinic.com,55-(115)513-1836
Janet Arnold,jarnoldex@diigo.com,255-(959)523-7265
Elizabeth Russell,erussellft@hatena.ne.jp,46-(790)777-1214
Chris Bell,cbell7g@ow.ly,81-(751)196-3498
Ruby Graham,rgrahamh2@ebay.co.uk,591-(523)241-5487
Ralph Burton,rburton3c@canalblog.com,994-(376)239-9656
Louise Powell,lpowellkm@cornell.edu,7-(629)648-9730
Matthew Ferguson,mfergusonn6@aol.com,1-(435)268-1619
Thomas Nguyen,tnguyeneu@jigsy.com,84-(678)937-3201
Louise White,lwhite5q@berkeley.edu,55-(935)411-8247
Russell Castillo,rcastillon4@icq.com,62-(225)966-5887
Jessica Lopez,jlopez74@cargocollective.com,1-(355)137-3810
Richard Adams,radamsjy@gnu.org,358-(415)182-7622
Ernest Harrison,eharrison91@bing.com,63-(840)927-5152
Emily Ruiz,eruiz90@dailymotion.com,254-(514)879-7025
Scott Stone,sstonei@deliciousdays.com,86-(281)935-8836
John Edwards,jedwards7w@buzzfeed.com,52-(457)475-3140
Gregory Peterson,gpetersone4@histats.com,63-(958)519-8995
Harry Martin,hmartinj3@pcworld.com,86-(645)517-2871
Roy Stevens,rstevensgj@answers.com,218-(501)838-8695
Robin Daniels,rdanielsjo@cbslocal.com,52-(496)388-2061
Walter Riley,wrileypx@dell.com,86-(115)494-5913
Cheryl Montgomery,cmontgomery6c@toplist.cz,33-(763)183-4359
Russell Franklin,rfranklindu@last.fm,53-(687)526-8516
Heather Austin,haustiniu@tripadvisor.com,86-(720)117-6178
Brandon Phillips,bphillips8l@blog.com,86-(825)400-3891
Diane Ross,drossb@163.com,46-(477)213-0137
Russell Simmons,rsimmons9h@ucsd.edu,86-(245)637-2125
Willie Watkins,wwatkins27@pcworld.com,86-(106)978-5328
Cynthia Watkins,cwatkinskj@infoseek.co.jp,359-(662)494-8968
Bonnie Banks,bbanksfv@flavors.me,33-(886)474-6080
Maria Morales,mmorales79@microsoft.com,54-(175)141-5951
Christina Jenkins,cjenkins77@fotki.com,62-(786)446-7094
Shirley Lane,slane5h@huffingtonpost.com,381-(461)559-7434
Elizabeth Richardson,erichardsonfm@ca.gov,381-(144)773-6794
Lori Montgomery,lmontgomeryau@reverbnation.com,62-(863)582-7450
Ruth Lewis,rlewisgb@wunderground.com,86-(344)369-7152
Chris Banks,cbanksbt@reference.com,351-(595)307-3378
Aaron Smith,asmith7p@joomla.org,63-(181)786-6504
Barbara Wagner,bwagnerdb@jiathis.com,39-(250)488-1031
Susan Jenkins,sjenkins55@geocities.jp,63-(497)811-4479
Dennis Elliott,delliottpc@phpbb.com,48-(959)196-6775
Evelyn Black,eblack85@meetup.com,86-(463)764-7783
Nicole Reed,nreedat@msn.com,55-(809)670-6830
Marilyn Phillips,mphillipspy@ucla.edu,63-(111)576-5473
Amanda Grant,agrantn8@tiny.cc,358-(255)749-9029
Raymond Gray,rgray3b@hostgator.com,53-(492)904-5393
Kathy Nichols,knicholsdg@jimdo.com,63-(128)207-7313
Anthony Lynch,alynch6h@squidoo.com,62-(119)857-0774
Eugene Jones,ejonesmt@photobucket.com,33-(210)210-0097
Carolyn Jones,cjonesri@spiegel.de,593-(468)234-9020
Anthony Lawson,alawsong0@adobe.com,86-(958)589-9065
Laura Washington,lwashingtonp8@oaic.gov.au,51-(447)719-0020
Heather Meyer,hmeyer1c@kickstarter.com,7-(678)281-9238
William Ryan,wryan3g@desdev.cn,86-(218)365-7651
Deborah Fowler,dfowler4a@ameblo.jp,54-(662)313-6443
Catherine Martin,cmartinc4@diigo.com,86-(835)679-7291
Amanda Richards,arichards1p@123-reg.co.uk,380-(775)245-6294
Heather Morris,hmorrisfs@issuu.com,420-(120)642-0017
Adam Hill,ahillqs@oracle.com,48-(540)615-6627
Wayne Meyer,wmeyerbi@npr.org,7-(970)438-7396
Larry Bell,lbelldt@salon.com,63-(503)527-2266
Fred Wagner,fwagnerf6@desdev.cn,850-(831)162-0272
Sandra Hanson,shanson4q@pinterest.com,86-(636)902-4834
Martin Butler,mbutlerb4@moonfruit.com,351-(693)685-7599
Lois Lopez,llopez3h@dot.gov,81-(692)161-2021
Ruth Knight,rknight3a@booking.com,86-(960)106-7337
Wayne Bowman,wbowman23@ucsd.edu,355-(186)852-6997
Benjamin Cruz,bcruz7b@mac.com,66-(368)878-0721
Maria Young,myounge6@japanpost.jp,86-(839)513-5618
Ernest Evans,eevanso@goo.gl,86-(743)889-4493
Rose Thompson,rthompsonrb@google.it,33-(579)230-7229
Judith Vasquez,jvasquezm@nps.gov,263-(599)431-5386
Amy Hart,ahart5w@histats.com,62-(599)757-0012
Jerry Freeman,jfreemangy@yellowbook.com,60-(661)145-1178
Karen Reid,kreid3w@t.co,500-(498)408-3534
Tammy Barnes,tbarnesbf@feedburner.com,1-(408)212-2198
Debra Hunt,dhuntnk@google.de,47-(928)571-2931
George Reynolds,greynoldsax@bloglovin.com,374-(778)415-0368
Robin Ortiz,rortizkl@shinystat.com,963-(929)707-5992
Ruby Taylor,rtaylor1t@indiegogo.com,86-(636)739-1414
Joe Rose,jroseiz@omniture.com,93-(626)526-5017
Diane Marshall,dmarshallj6@shinystat.com,7-(885)958-6013
Matthew Watkins,mwatkins6m@dailymail.co.uk,86-(237)994-2665
Kathryn Williams,kwilliamshd@netlog.com,51-(337)456-2263
Kathryn Sanchez,ksanchez6f@twitter.com,86-(139)587-9614
Bruce Mitchell,bmitchelljw@bing.com,358-(100)435-1299
Janice Foster,jfosterps@slate.com,86-(323)114-0224
Linda Wilson,lwilson37@creativecommons.org,420-(105)330-2081
Ernest Martin,emartin98@house.gov,51-(500)180-7126
Kelly Gibson,kgibson7h@mediafire.com,502-(859)539-2053
Christina Cole,ccoleb3@flavors.me,86-(933)765-2260
Bobby Elliott,belliottl@wikimedia.org,967-(916)510-7779
Russell Wheeler,rwheelerdm@eventbrite.com,55-(218)599-6744
Richard Warren,rwarrengv@t-online.de,358-(419)142-3966
Norma Ortiz,nortiz4b@samsung.com,856-(844)812-3420
Earl Mcdonald,emcdonaldnd@pinterest.com,86-(777)297-9182
Brenda Gilbert,bgilbert5c@hostgator.com,7-(765)766-4514
Billy Bradley,bbradleymk@cloudflare.com,86-(665)123-8710
Roger Woods,rwoods31@uol.com.br,54-(907)866-0721
Jonathan Williams,jwilliams24@myspace.com,81-(547)883-2030
Stephanie Kelly,skelly6t@eventbrite.com,62-(560)412-6129
Gregory Griffin,ggriffinpe@theglobeandmail.com,62-(569)587-0445
Karen Cox,kcoxq8@icio.us,598-(536)541-4759
Lori Turner,lturnerfi@delicious.com,7-(272)779-9138
Christina Montgomery,cmontgomeryhw@patch.com,380-(287)624-4692
Kevin Harrison,kharrisonds@howstuffworks.com,86-(949)776-9016
Gerald Hall,ghallrm@slashdot.org,420-(569)920-1293
Gloria Robertson,grobertsona3@ebay.com,351-(105)314-9891
Kimberly Alvarez,kalvarez35@rediff.com,7-(862)925-0246
Gary Morris,gmorris19@fema.gov,55-(908)949-2341
Ruby Washington,rwashingtonp5@nymag.com,387-(481)361-2394
Nicole Wallace,nwallacene@salon.com,994-(100)105-4377
Emily Knight,eknight89@google.de,86-(202)301-3929
Roger Hernandez,rhernandez7y@163.com,381-(674)793-8105
Raymond Johnson,rjohnsone@eventbrite.com,7-(430)867-8695
Frances Gutierrez,fgutierrezfr@google.co.jp,86-(973)419-2005
Lois Romero,lromero6k@about.me,7-(537)506-1863
Karen Flores,kfloresf8@sciencedaily.com,7-(651)978-8060
John Brooks,jbrooksj5@xinhuanet.com,53-(726)759-6053
Andrew Watson,awatson79@toplist.cz,86-(388)838-9845
Anne Thomas,athomas7b@oakley.com,46-(394)748-8446
Jeffrey Hunt,jhunt9b@economist.com,1-(526)978-8538
Marie Morgan,mmorgandz@cdc.gov,86-(932)727-3621
Juan Stone,jstone61@creativecommons.org,389-(727)310-7928
Joshua Myers,jmyersq0@topsy.com,30-(913)821-1185
Martha Morris,mmorris5x@youtube.com,86-(152)627-9978
Jimmy Davis,jdavisho@php.net,30-(823)152-2590
Jason Matthews,jmatthewsfl@whitehouse.gov,62-(617)506-4606
James Hawkins,jhawkins60@pbs.org,84-(364)421-2393
Lillian Gordon,lgordon9v@msu.edu,30-(565)944-5675
Johnny Taylor,jtaylor5p@utexas.edu,62-(989)690-4171
Elizabeth Johnston,ejohnstonb2@mit.edu,252-(208)557-2275
Christine Fuller,cfulleroo@zimbio.com,420-(590)245-1322
Larry Turner,lturnerl8@theglobeandmail.com,7-(318)419-7901
Douglas Bishop,dbishop4g@icq.com,27-(481)229-6870
Lori Moreno,lmorenof1@webnode.com,237-(936)316-8280
Jesse Austin,jaustinia@adobe.com,92-(686)348-6510
Margaret Jenkins,mjenkinsm6@vkontakte.ru,86-(248)926-1621
Juan Myers,jmyerspg@phpbb.com,86-(205)384-1169
Stephanie Nelson,snelson5l@creativecommons.org,685-(165)196-4709
Jennifer Arnold,jarnold67@epa.gov,33-(389)660-8378
Eric Harper,eharperd9@themeforest.net,48-(678)707-9653
James Frazier,jfrazierpr@vistaprint.com,86-(855)367-1283
Larry Nelson,lnelson6n@yahoo.com,7-(953)686-8320
Diane Welch,dwelch53@jugem.jp,86-(222)623-7817
Ruby Ferguson,rferguson36@apache.org,976-(965)882-9012
Christine Walker,cwalkerbp@hp.com,86-(967)131-9041
Michelle Snyder,msnyderr5@soup.io,389-(881)427-5937
Anne Bradley,abradleya7@harvard.edu,972-(936)889-9714
Julie Howell,jhowelllz@state.tx.us,54-(376)346-7186
Jimmy Mitchell,jmitchell4o@mit.edu,66-(770)874-5483
Emily Price,eprice45@google.com.au,254-(639)362-3684
Frances Grant,fgrant5d@columbia.edu,389-(407)244-2555
Ashley Lawson,alawsonnp@archive.org,55-(517)146-7805
Sean Spencer,sspencero1@si.edu,48-(902)491-6748
Jack Griffin,jgriffin45@ftc.gov,963-(461)227-1325
Martha Coleman,mcolemaneb@ow.ly,64-(512)972-5605
Kathy Taylor,ktaylor7x@nasa.gov,1-(318)996-2763
Joe Mitchell,jmitchello6@cbslocal.com,62-(909)169-5767
James Wells,jwellsfe@com.com,55-(233)559-0326
William Miller,wmiller5u@netscape.com,86-(563)880-7318
Gary Kennedy,gkennedylv@opensource.org,46-(411)607-0025
Teresa Morris,tmorris9l@wordpress.org,48-(455)347-4364
Wanda Medina,wmedina81@whitehouse.gov,86-(737)555-9021
Sara Reynolds,sreynoldsig@spotify.com,55-(720)448-8836
Todd Richards,trichards5o@histats.com,55-(568)299-4365
Russell Reed,rreednq@biglobe.ne.jp,380-(467)871-4402
Jimmy Howard,jhoward8u@washington.edu,62-(683)442-5929
Jessica Gomez,jgomezj2@ovh.net,30-(355)519-0612
Jennifer Hernandez,jhernandezlh@prnewswire.com,62-(111)688-2235
Gary Peters,gpeters6u@google.com,351-(877)596-9456
Jesse Hunt,jhunt2b@edublogs.org,7-(978)474-5079
Sandra Ryan,sryanjz@posterous.com,33-(310)975-1584
Phyllis Jordan,pjordanhv@psu.edu,20-(961)603-0894
Mark Morrison,mmorrison1@npr.org,63-(470)779-3027
Keith Hughes,khughesz@noaa.gov,86-(254)380-6771
Dorothy Freeman,dfreemanpu@hatena.ne.jp,86-(908)192-0155
Lois Ward,lwarde0@pinterest.com,351-(323)258-5845
Steve Bryant,sbryant0@netscape.com,62-(436)212-1891
Teresa Porter,tporterfz@cbsnews.com,351-(662)817-9396
Anne Powell,apowelle9@hc360.com,63-(201)754-7107
Anthony Medina,amedinaaq@house.gov,62-(128)256-2778
Jean Matthews,jmatthewsmd@google.co.jp,62-(817)912-8345
Alice Snyder,asnyder6s@howstuffworks.com,691-(811)322-3126
Bobby Burke,bburkei5@pbs.org,86-(346)525-5131
Billy Wright,bwright14@gizmodo.com,86-(658)833-8266
Barbara Graham,bgraham68@51.la,86-(976)534-8859
Philip Daniels,pdanielsbv@globo.com,62-(216)428-7375
Kathy Cooper,kcoopercw@wikipedia.org,86-(329)418-3910
Jack Torres,jtorresy@berkeley.edu,86-(401)518-9458
Heather Tucker,htucker2i@goo.ne.jp,7-(945)823-1927
David Lee,dleefn@nbcnews.com,234-(747)736-0092
Carlos Ross,crossgn@washingtonpost.com,593-(873)179-4310
Jason Mccoy,jmccoy5e@symantec.com,234-(653)466-2834
Robin Dixon,rdixon54@kickstarter.com,7-(527)600-9855
Kimberly Harrison,kharrisones@barnesandnoble.com,63-(691)508-1471
Tammy Washington,twashingtonah@instagram.com,351-(404)138-6835
Jacqueline Lee,jleeb9@uol.com.br,86-(885)210-2842
Matthew Reynolds,mreynoldscb@liveinternet.ru,84-(636)938-7521
Phillip Carter,pcartercq@over-blog.com,46-(224)668-6279
Melissa Kennedy,mkennedy21@desdev.cn,86-(567)652-3244
Heather Nguyen,hnguyen62@go.com,1-(863)552-6492
Juan Chavez,jchavez2y@virginia.edu,1-(973)536-3630
Clarence Fuller,cfullerph@weebly.com,49-(794)264-8672
Elizabeth Gordon,egordon49@pen.io,86-(779)747-1594
Thomas West,twest8q@reddit.com,81-(147)514-1933
Laura Hanson,lhanson5z@yellowpages.com,46-(497)914-8533
James Harrison,jharrison26@howstuffworks.com,351-(491)474-1738
Philip Robinson,probinsonfw@exblog.jp,52-(545)501-1881
William Cooper,wcooperbc@ihg.com,81-(465)975-5658
Katherine Gardner,kgardnergg@51.la,86-(208)822-9348
Ernest Carpenter,ecarpenterrr@deliciousdays.com,62-(880)231-9356
Judy Little,jlittle27@1und1.de,84-(433)277-8314
Kathleen Stone,kstonece@posterous.com,856-(937)157-3289
Frances Williams,fwilliamsjk@google.es,62-(260)474-4944
Cheryl Russell,crussell6u@pen.io,380-(303)516-9908
Cynthia Peters,cpetersqk@printfriendly.com,7-(504)428-2240
Gregory Hart,ghart3y@tripadvisor.com,7-(335)472-7583
Carolyn Powell,cpowelloy@google.cn,86-(855)327-7541
William Ryan,wryan6p@ovh.net,55-(376)888-2176
Irene Gonzales,igonzales68@army.mil,62-(758)999-3568
Elizabeth Welch,ewelchh9@4shared.com,992-(821)826-8964
Chris Ellis,cellisi2@ucsd.edu,234-(396)739-6310
Phyllis Gilbert,pgilbert5i@weibo.com,225-(347)554-5681
Kathy Henderson,khenderson50@theguardian.com,420-(717)288-4560
Howard Matthews,hmatthews3b@amazon.com,1-(825)599-5069
Sean Butler,sbutlerbr@list-manage.com,7-(226)192-3207
Mark Cox,mcoxal@desdev.cn,63-(158)604-9958
Ruby Kim,rkim1e@google.es,86-(376)167-5165
Christina Ellis,cellis88@uol.com.br,7-(159)770-1485
Rachel Cunningham,rcunninghamot@constantcontact.com,1-(386)995-4874
Albert Berry,aberry6m@time.com,86-(208)548-6485
Sara Stone,sstoneh8@goo.gl,55-(831)964-8472
William Wells,wwellsp4@timesonline.co.uk,256-(850)804-2614
Martha Price,mprice86@amazon.de,63-(277)314-5365
Samuel Henry,shenryi7@1688.com,7-(105)577-6314
Tammy Hughes,thughes6z@auda.org.au,55-(623)783-5097
Edward Wood,ewooda@biblegateway.com,33-(248)867-8188
Tina Greene,tgreenemu@ezinearticles.com,86-(744)226-3444
Matthew Carter,mcarter4q@thetimes.co.uk,420-(701)695-4244
Bonnie Gonzales,bgonzalesbj@pcworld.com,63-(902)714-9846
Catherine Coleman,ccoleman7z@imageshack.us,593-(838)623-0964
Rebecca Garza,rgarzapq@businessinsider.com,33-(243)255-7985
Gregory Johnson,gjohnson77@google.com,351-(825)673-0332
Helen King,hking8g@weebly.com,20-(389)239-1612
Betty Baker,bbaker9c@linkedin.com,30-(112)695-0757
Larry Dixon,ldixon5t@surveymonkey.com,55-(993)464-3260
Albert Romero,aromero2m@prlog.org,62-(730)176-1054
Laura Evans,levans1x@nih.gov,351-(475)514-2883
Joan Young,jyoungkz@oakley.com,63-(116)829-9857
Stephanie Mason,smasonk0@cbsnews.com,62-(501)201-6599
Laura West,lwestlq@umich.edu,86-(654)806-6855
Robin Ryan,rryanc2@abc.net.au,51-(730)341-0794
Ryan Hernandez,rhernandeza4@ameblo.jp,380-(562)593-7144
Juan Sims,jsimsnl@ifeng.com,386-(288)176-8238
Russell Gray,rgraygi@devhub.com,7-(341)938-0576
Susan Price,spriceq3@shutterfly.com,234-(730)793-2049
Philip Andrews,pandrewsbg@patch.com,856-(270)186-3617
Heather Ray,hrayc8@tiny.cc,420-(890)655-1116
Gregory Walker,gwalker5p@ocn.ne.jp,420-(398)948-8000
Jimmy Knight,jknight1s@mac.com,7-(440)465-8214
Douglas Nichols,dnichols9o@noaa.gov,58-(291)744-4080
Kenneth Black,kblack6v@cbc.ca,7-(242)367-5667
Robert Vasquez,rvasquez7u@lulu.com,53-(719)492-7589
Ruth Hansen,rhansen47@about.me,62-(261)971-5336
Janice Morgan,jmorgan4e@jalbum.net,62-(884)546-8298
Ashley Cole,acole1b@vinaora.com,48-(684)636-8717
Janice Ward,jward3x@webeden.co.uk,269-(145)193-3947
Sarah Washington,swashingtonpp@netlog.com,51-(626)809-4063
Russell Duncan,rduncan28@mysql.com,86-(646)224-4053
Stephanie Collins,scollins4y@goo.ne.jp,33-(837)112-9534
Ruby Woods,rwoods7e@purevolume.com,507-(258)825-8026
Annie Perry,aperry3j@yellowbook.com,963-(690)918-3906
Carol Green,cgreen8z@php.net,63-(239)988-7685
Bruce Fox,bfox21@loc.gov,1-(684)905-0333
Mary Perry,mperrybh@mediafire.com,63-(161)991-9764
Gerald Armstrong,garmstrongpm@china.com.cn,420-(230)992-1858
Shirley Carpenter,scarpenter5b@unicef.org,86-(430)130-9105
Jessica Duncan,jduncankf@epa.gov,54-(174)345-4418
Eugene Perez,eperezhs@ehow.com,62-(121)493-3948
Kathryn Spencer,kspencer4d@addthis.com,351-(656)966-9946
Norma Lewis,nlewislb@studiopress.com,48-(356)215-4372
Jimmy Baker,jbaker23@imageshack.us,7-(464)542-2505
Patricia George,pgeorge3y@skype.com,46-(566)616-1808
Mark Boyd,mboyd5y@usgs.gov,351-(816)346-2675
Judith Reynolds,jreynolds9t@shop-pro.jp,977-(196)954-5149
Jessica Jacobs,jjacobsq1@zimbio.com,48-(205)101-2739
Matthew Bailey,mbaileyf@uol.com.br,383-(725)349-2471
Steve Wells,swellsl9@merriam-webster.com,52-(135)104-6251
Patricia Hicks,phicks5f@hc360.com,81-(878)599-7158
Nicholas Sanders,nsanders2q@umich.edu,506-(425)481-6573
Patrick Reynolds,preynolds33@sphinn.com,86-(954)804-1559
Donna Brown,dbrown5s@redcross.org,57-(752)472-5442
Todd Torres,ttorres8c@msu.edu,62-(782)769-3221
Beverly Gutierrez,bgutierrezqd@sciencedaily.com,86-(286)652-6247
Julia Stevens,jstevensdp@goo.gl,63-(222)218-4572
Chris Stevens,cstevens16@simplemachines.org,86-(788)149-7760
Frances Ellis,fellisby@wikia.com,86-(410)338-3302
Ruby Watson,rwatsonfa@histats.com,48-(709)192-2724
Willie Bradley,wbradley5@cpanel.net,7-(666)140-3219
Donald Johnston,djohnstonn@infoseek.co.jp,66-(647)534-2773
Frances Harvey,fharveyjl@icq.com,33-(625)187-8032
Lisa Parker,lparker0@example.com,63-(483)985-5433
Adam Walker,awalker3z@sphinn.com,48-(944)918-3283
Timothy Reid,treid8e@flavors.me,86-(216)247-8525
Gary Richards,grichardshj@simplemachines.org,62-(975)586-6263
Annie Thompson,athompsone@ucoz.com,86-(577)154-7600
Frank Garza,fgarzajp@newyorker.com,86-(573)985-9504
Katherine Shaw,kshawfc@jigsy.com,57-(789)865-1014
Richard Freeman,rfreemann@weebly.com,86-(959)612-2535
Dennis Willis,dwillisj1@bing.com,351-(130)646-9682
Craig Cooper,ccooper8o@discovery.com,216-(956)366-2942
Judy White,jwhitepi@opera.com,1-(813)644-1474
Fred Black,fblack5w@cafepress.com,420-(307)649-2682
Barbara Hunt,bhunt2y@loc.gov,1-(812)933-0603
Angela Black,ablackec@walmart.com,54-(176)641-1825
Kevin Mccoy,kmccoy7n@telegraph.co.uk,86-(666)469-7919
Douglas Harrison,dharrison46@bloomberg.com,84-(410)321-7584
Nancy Hamilton,nhamilton3l@microsoft.com,62-(922)600-3785
Pamela Ward,pwardkv@fotki.com,234-(559)556-4895
Justin Walker,jwalkerjs@photobucket.com,7-(690)223-6214
Lillian Ellis,lellisj@hud.gov,86-(919)841-8444
Betty Edwards,bedwardsn3@howstuffworks.com,351-(869)894-8788
Robert Bailey,rbaileyi6@umn.edu,86-(755)178-1072
James Turner,jturnerv@forbes.com,86-(279)754-1439
Mark Webb,mwebbnm@histats.com,33-(579)372-7324
Eric Peterson,epeterson2f@bandcamp.com,63-(843)813-9996
Scott Richardson,srichardsondc@usa.gov,48-(771)957-7852
Evelyn Murphy,emurphyct@plala.or.jp,244-(104)232-5200
Patrick Thompson,pthompson2z@apache.org,57-(719)265-5828
Maria Stephens,mstephensgm@wp.com,33-(536)335-7504
Amy Gomez,agomezfq@nasa.gov,81-(797)886-2492
Randy Myers,rmyersna@prnewswire.com,216-(575)546-8987
Kathleen Ray,kray2c@house.gov,237-(726)414-6969
Henry Bowman,hbowmanok@ucsd.edu,63-(381)681-1836
Andrea Moore,amoore5i@illinois.edu,1-(812)660-4614
Maria White,mwhitecm@yellowpages.com,66-(994)145-8668
Lisa Morales,lmorales7v@ning.com,57-(585)669-0842
Jessica Duncan,jduncan2t@sakura.ne.jp,58-(200)474-1252
Joseph Porter,jporter8r@dagondesign.com,63-(432)516-1125
Robert Simpson,rsimpson6b@aol.com,86-(130)706-9197
Teresa Romero,tromero3r@hubpages.com,48-(164)139-9370
Albert Vasquez,avasquez11@theglobeandmail.com,86-(788)640-1457
Matthew Morris,mmorrislr@bloomberg.com,86-(660)322-8694
Martin West,mwest6@over-blog.com,677-(429)825-9047
Bonnie Lawson,blawson1u@dell.com,63-(883)174-6013
John Russell,jrusselld1@berkeley.edu,33-(491)411-3428
Christopher Henderson,chendersone2@phpbb.com,55-(957)597-7046
Karen Rogers,krogersqw@nature.com,86-(751)322-0499
Evelyn Greene,egreeneco@utexas.edu,66-(545)783-0475
Peter Weaver,pweaver5r@shareasale.com,63-(125)999-8144
Annie Perkins,aperkins1r@businessinsider.com,504-(180)105-4212
Jane Peters,jpetersk3@last.fm,33-(814)488-8334
Scott Martinez,smartinezev@ca.gov,54-(821)627-2850
Jason Gray,jgraylk@linkedin.com,64-(560)535-9804
Karen Schmidt,kschmidt2l@tmall.com,1-(973)671-2832
Patricia Ortiz,portizbs@ox.ac.uk,62-(723)623-9623
Jacqueline Boyd,jboydin@livejournal.com,351-(326)707-6430
Gary Ramirez,gramirez4p@unblog.fr,1-(903)843-1005
Joshua Richardson,jrichardsonr@friendfeed.com,48-(125)590-3946
Lawrence Banks,lbanks34@hatena.ne.jp,86-(941)120-6864
Matthew Thompson,mthompsondi@miitbeian.gov.cn,58-(434)869-8221
Bonnie Clark,bclarkiv@dailymail.co.uk,370-(759)384-0757
Brian Gonzalez,bgonzalez2g@51.la,504-(688)915-1871
Debra Turner,dturner75@businesswire.com,86-(957)914-4562
Kathleen Howell,khowellls@deliciousdays.com,62-(168)604-6792
Sandra Little,slittle5k@nbcnews.com,256-(886)984-9952
Cynthia Simmons,csimmons86@wp.com,98-(646)401-8929
Kimberly Webb,kwebb1q@comcast.net,387-(721)931-5067
David Gibson,dgibson7r@nyu.edu,7-(449)948-5665
Lillian Austin,laustin4@360.cn,86-(568)344-5881
Lori Burke,lburke7e@auda.org.au,30-(798)309-2017
Phyllis Armstrong,parmstrong84@sohu.com,98-(650)351-8615
Robert Wood,rwoodcl@networkadvertising.org,963-(608)139-0617
Heather Smith,hsmitho5@networksolutions.com,7-(136)738-7922
Shawn Fernandez,sfernandezgk@skyrock.com,1-(513)189-7254
Stephen George,sgeorgebn@army.mil,48-(229)632-8064
Eric Taylor,etaylorll@so-net.ne.jp,260-(689)122-2357
Julie Greene,jgreene38@sitemeter.com,86-(586)963-7850
Benjamin Alexander,balexanderol@washingtonpost.com,1-(830)596-4957
Carlos Mcdonald,cmcdonaldmj@bloglines.com,33-(803)194-7785
Henry Richardson,hrichardson4t@hexun.com,48-(196)273-4797
Andrea Dean,adeanr8@ed.gov,509-(886)881-1097
Bobby Payne,bpayne17@newsvine.com,86-(390)813-7885
Joan Butler,jbutler8w@census.gov,62-(513)489-3070
Mary Wood,mwood66@behance.net,62-(725)654-1972
Anna Burton,aburton3p@narod.ru,963-(108)819-4773
Wayne Williamson,wwilliamsonit@wsj.com,502-(384)838-7925
Carol Richards,crichardsqu@csmonitor.com,62-(145)517-8268
Justin Campbell,jcampbellci@ftc.gov,1-(600)143-3778
Kevin Bryant,kbryant9e@mit.edu,86-(611)153-6327
Bonnie Rogers,brogersoa@hc360.com,1-(326)760-4091
Virginia Torres,vtorresdq@goo.gl,86-(444)648-1966
Christine George,cgeorgeaz@jimdo.com,7-(881)614-2434
Janice Kennedy,jkennedy3u@mail.ru,86-(320)298-6181
Martin Rodriguez,mrodrigueziq@typepad.com,54-(598)464-3477
Louis Wagner,lwagnerhm@umn.edu,86-(172)226-4369
Peter Owens,powens4f@ucla.edu,269-(206)856-3596
Nicholas Smith,nsmith5e@unblog.fr,48-(445)956-3967
Samuel Cruz,scruz2j@indiegogo.com,86-(277)489-8759
Carlos Graham,cgrahamgo@home.pl,234-(255)762-2504
Harold Green,hgreen5m@de.vu,351-(587)690-3231
Susan Pierce,spierced0@symantec.com,86-(474)171-1544
Phyllis Payne,ppayne5m@europa.eu,51-(425)342-7091
Stephanie Oliver,solivern7@bluehost.com,93-(854)212-5646
Cheryl Taylor,ctaylor3u@irs.gov,62-(933)769-0940
Sara Weaver,sweaverm3@tuttocitta.it,61-(744)209-0719
Anne Gonzales,agonzales1k@posterous.com,86-(808)670-9497
Anne Hernandez,ahernandezeg@digg.com,51-(500)858-3713
Norma Marshall,nmarshallp3@nih.gov,351-(486)550-8392
Joe Ramirez,jramirezpd@mapy.cz,33-(639)858-9335
Brenda Price,bpriceir@wordpress.com,55-(893)525-8441
Teresa Moreno,tmorenoli@constantcontact.com,48-(887)647-5997
Lori Fox,lfoxae@google.it,63-(977)748-0572
Theresa Harper,tharper29@flavors.me,62-(706)328-5013
Justin Olson,jolsonjj@gov.uk,385-(763)232-9747
Robert Snyder,rsnyderb7@facebook.com,55-(424)932-9469
Marilyn Reid,mreid9u@skyrock.com,55-(877)433-0380
Douglas Allen,dallenlw@mapy.cz,48-(256)774-2962
Evelyn Burns,eburnslf@newyorker.com,55-(820)564-3708
Marilyn Chavez,mchavez5z@berkeley.edu,51-(945)164-0119
Juan Gray,jgray3d@vistaprint.com,46-(529)191-4561
Michelle Riley,mriley6f@statcounter.com,675-(889)882-6956
Andrew Wells,awellsqp@time.com,7-(116)964-4215
David Freeman,dfreemanef@google.nl,62-(332)766-7413
William Harrison,wharrisonjr@buzzfeed.com,62-(941)668-7739
Russell Rice,rricea8@fda.gov,374-(301)668-4192
Elizabeth Rogers,erogers3a@netscape.com,389-(713)916-4300
Ruth Jones,rjonesra@nydailynews.com,86-(743)159-0985
Harold Hamilton,hhamilton19@meetup.com,86-(550)627-1331
Kathy Shaw,kshawad@baidu.com,86-(365)131-2095
Lawrence Harper,lharperhp@msn.com,7-(769)489-6904
Stephanie Martin,smartincg@vkontakte.ru,55-(851)285-0622
Henry Duncan,hduncanbk@cbslocal.com,63-(429)806-5484
Roy Allen,rallenky@oracle.com,237-(348)396-1814
Antonio Peterson,apetersonki@sciencedaily.com,46-(828)885-4958
Julia Garrett,jgarrett8a@elegantthemes.com,63-(342)388-9709
Bobby Bennett,bbennettf@sun.com,46-(537)686-2719
Michael Brown,mbrown78@discovery.com,66-(259)908-3747
Antonio Robertson,arobertson69@cafepress.com,62-(513)715-9411
Adam George,ageorgegq@live.com,234-(996)486-8996
Victor Lane,vlane40@fotki.com,51-(261)244-7943
Albert Flores,aflores62@51.la,48-(567)383-7205
Sara Jacobs,sjacobs2a@zdnet.com,260-(497)849-5881
Sara Hill,shill7c@huffingtonpost.com,86-(594)416-9486
Tina Arnold,tarnold4o@cisco.com,86-(338)738-9588
Amanda Berry,aberrya9@msn.com,967-(940)436-8179
Linda Sanchez,lsanchezjx@wordpress.com,220-(764)229-9226
Brandon Sims,bsims4p@paypal.com,86-(174)611-1948
Ruth Hunter,rhunter8@shop-pro.jp,54-(427)981-7412
Frances Webb,fwebb6e@gov.uk,20-(947)926-1247
Jose Harris,jharris6x@last.fm,351-(238)545-0902
Lisa Ortiz,lortizqo@pagesperso-orange.fr,63-(377)545-0266
Wanda Sanders,wsanders8t@over-blog.com,86-(828)514-0592
Mark Carr,mcarr3j@redcross.org,251-(996)565-9362
Debra Porter,dporter5n@statcounter.com,1-(919)213-7568
Shawn Campbell,scampbellly@cloudflare.com,1-(419)300-3513
Ann Ruiz,aruizof@rakuten.co.jp,62-(206)962-0271
Tammy Ruiz,truizqc@apple.com,63-(823)585-2874
Heather Weaver,hweaverrg@so-net.ne.jp,962-(726)729-0440
Paula Berry,pberryfg@mail.ru,86-(875)557-7254
Amanda Fisher,afisher2w@deliciousdays.com,62-(887)247-2386
David Morrison,dmorrisonej@narod.ru,46-(514)707-6723
Ernest Reid,ereid1i@indiegogo.com,86-(930)120-5087
Teresa Tucker,ttuckerca@answers.com,62-(714)490-6926
Wayne Arnold,warnoldp@livejournal.com,62-(827)846-8120
Charles Perez,cperez75@youtube.com,86-(712)546-4670
Ronald Stewart,rstewartt@mail.ru,86-(824)747-2602
Kevin Stevens,kstevensil@altervista.org,48-(762)316-6559
Sara Stewart,sstewart1r@nba.com,86-(738)182-0298
Raymond Shaw,rshaw4r@posterous.com,7-(235)528-7329
Martha Porter,mporter3h@timesonline.co.uk,46-(348)233-2613
Kathy Griffin,kgriffinpz@unblog.fr,62-(704)271-5480
Timothy Sanders,tsanderse3@google.co.jp,267-(873)395-4157
Anne Perkins,aperkins1f@comsenz.com,504-(495)715-2243
Jose Willis,jwillisa2@photobucket.com,212-(413)929-6782
Lois Sullivan,lsullivanf3@youku.com,381-(518)409-3697
Bruce Johnson,bjohnsongx@tiny.cc,358-(397)655-0994
Matthew Lee,mlee6o@yahoo.co.jp,371-(779)146-6690
Joshua Mills,jmillsq2@addtoany.com,351-(882)951-3235
Douglas Montgomery,dmontgomery57@squidoo.com,86-(982)580-3226
Howard Martinez,hmartinezl6@arizona.edu,54-(522)499-0155
Betty Jackson,bjacksonle@hexun.com,976-(646)615-0003
Nicholas Stewart,nstewart6g@gizmodo.com,86-(948)277-4460
Todd Murphy,tmurphy99@imdb.com,265-(870)346-5507
Steven Fields,sfieldshf@nyu.edu,880-(923)861-0377
Linda Patterson,lpatterson4m@loc.gov,84-(667)682-8167
Jonathan Ryan,jryanq6@scientificamerican.com,62-(655)125-6694
Melissa Moore,mmoore2x@prnewswire.com,46-(912)704-3817
Andrew Stephens,astephensbm@aboutads.info,62-(369)971-7156
Jessica Freeman,jfreemanif@sciencedirect.com,86-(520)922-3959
Terry Bradley,tbradley6a@ow.ly,234-(219)579-8162
Sharon King,skingmg@cdc.gov,63-(683)616-9973
Joseph West,jwestk5@a8.net,256-(940)705-1496
Gregory Lopez,glopezhx@webs.com,351-(676)191-1337
Jacqueline Marshall,jmarshallpk@wordpress.com,46-(323)337-1824
Earl Wells,ewellsg@webs.com,63-(382)199-1373
Judy Wood,jwoodko@bbb.org,51-(444)251-0465
Craig Williams,cwilliams4i@xinhuanet.com,62-(196)471-0844
Denise Stevens,dstevensoj@networksolutions.com,84-(862)916-3581
Walter Price,wprice12@miibeian.gov.cn,48-(478)996-4616
William Johnston,wjohnstonbb@slashdot.org,62-(140)907-7498
Donna Nichols,dnicholsiy@nationalgeographic.com,86-(360)914-9427
Martin Ellis,mellis57@hatena.ne.jp,33-(607)772-7885
Andrew Bailey,abaileyd4@creativecommons.org,46-(831)204-7589
Amanda Peterson,apetersonml@intel.com,86-(113)680-0537
Virginia Ross,vrossm2@bluehost.com,387-(191)314-9962
Dennis Freeman,dfreemanrc@merriam-webster.com,1-(879)906-1908
Albert Little,alittle8h@intel.com,46-(503)698-2664
Justin Price,jprice3g@moonfruit.com,1-(522)798-1586
Terry Richards,trichards7j@smugmug.com,374-(390)510-8897
Joseph Henderson,jhendersonj@apple.com,27-(528)811-6262
Jennifer Vasquez,jvasquezo3@state.gov,84-(445)565-6471
Margaret Simmons,msimmonsz@whitehouse.gov,33-(227)975-2477
Ruth Duncan,rduncanib@comcast.net,62-(686)956-6643
Larry Duncan,lduncanp9@columbia.edu,48-(829)776-2487
Amy Perkins,aperkinscx@hostgator.com,86-(417)295-5044
Michael Jones,mjonesch@cargocollective.com,970-(681)218-8181
Richard Stevens,rstevens8s@jugem.jp,81-(341)452-3112
Alice Ford,aford5l@mapquest.com,234-(408)393-0918
Michelle Olson,molson7o@guardian.co.uk,86-(178)510-9948
Shirley Bell,sbell3n@smh.com.au,63-(175)145-0315
Aaron Bailey,abailey7s@google.com.hk,55-(748)272-6941
Rebecca Alexander,ralexanderlu@acquirethisname.com,46-(650)156-8222
Joshua Wood,jwoodfb@gmpg.org,86-(224)944-2144
Evelyn Hanson,ehansonm1@webnode.com,55-(502)876-5019
Jacqueline Patterson,jpattersonmi@cbsnews.com,86-(844)148-0534
Jason Peterson,jpetersonpb@wix.com,55-(832)162-1064
Donald Castillo,dcastillo6i@over-blog.com,86-(679)742-4626
Katherine Stone,kstonem4@nature.com,55-(302)918-7829
Jacqueline Rodriguez,jrodriguezja@g.co,351-(651)822-8189
Janet Russell,jrussellr3@storify.com,249-(618)720-4984
Antonio Hunter,ahunter1o@theglobeandmail.com,675-(308)748-3846
Kelly Bradley,kbradley3d@slideshare.net,420-(634)865-1587
Louise Olson,lolsonl5@thetimes.co.uk,86-(105)925-1716
David Gutierrez,dgutierrezkk@amazonaws.com,381-(575)156-7362
Paul Jordan,pjordanc5@51.la,86-(653)756-3475
Evelyn Davis,edavisqb@quantcast.com,63-(797)757-6068
Cheryl Young,cyoung22@aboutads.info,375-(913)983-3099
Jonathan Hayes,jhayesqf@google.nl,1-(334)639-8001
Anna Frazier,afrazier2q@cnet.com,351-(646)310-5604
Cynthia Hayes,chayes4w@china.com.cn,86-(423)901-3228
Evelyn Riley,eriley49@psu.edu,62-(386)125-7683
Keith Stanley,kstanley25@shop-pro.jp,48-(364)999-2363
Chris Dixon,cdixon3@cyberchimps.com,233-(906)721-0499
Robin Porter,rporterme@oakley.com,86-(795)867-8671
Roy Garza,rgarza58@pagesperso-orange.fr,352-(311)608-4221
Aaron Nguyen,anguyen70@github.com,385-(897)756-6481
Tammy Richardson,trichardson7l@ucla.edu,7-(248)656-0441
Anthony Oliver,aoliverg4@shutterfly.com,54-(291)607-2465
Todd West,twest54@icio.us,60-(741)972-6018
Anthony Cunningham,acunninghaml@statcounter.com,7-(211)530-6975
Irene Carter,icarter6v@wisc.edu,86-(980)106-7251
Laura Boyd,lboydab@timesonline.co.uk,269-(806)285-1565
Anne Sims,asims6j@ask.com,994-(972)251-3560
Peter Perkins,pperkinsa@disqus.com,27-(423)714-7996
Sharon Jacobs,sjacobs6l@yahoo.co.jp,53-(406)324-7124
Ashley Ferguson,aferguson13@unicef.org,46-(938)542-2819
Johnny Kelly,jkellymc@pbs.org,63-(778)337-0889
Dennis Cruz,dcruzp@google.com.br,93-(275)583-9117
Harold Kelly,hkellyla@census.gov,970-(927)821-0468
Tammy Hudson,thudsond@marketwatch.com,62-(561)240-4989
Jeffrey Morales,jmorales1l@github.io,62-(917)968-9563
Wayne Williams,wwilliams73@360.cn,86-(334)693-3371
Timothy Morris,tmorrisom@youtube.com,86-(925)345-3791
Lawrence Payne,lpaynedy@123-reg.co.uk,92-(850)999-3546
Jimmy Lynch,jlynch6r@hexun.com,359-(957)172-9925
Elizabeth Russell,erussell7m@surveymonkey.com,58-(186)531-9748
Gregory Morrison,gmorrisonjn@plala.or.jp,62-(970)830-8275
Alice Garrett,agarrett46@theglobeandmail.com,34-(886)150-7431
Amanda Hansen,ahansen2r@360.cn,57-(645)738-1448
Kathy Davis,kdavis3s@geocities.jp,86-(835)688-6622
Gary Bowman,gbowman43@google.fr,63-(504)431-3044
Stephanie Sanchez,ssanchezkp@thetimes.co.uk,86-(622)899-8659
Gregory Grant,ggrant65@sfgate.com,86-(918)186-2493
Teresa Wheeler,twheeler1@zimbio.com,7-(872)446-7220
Jose Russell,jrussellv@homestead.com,86-(142)631-5665
Kenneth Griffin,kgriffinh@admin.ch,86-(863)795-1202
Steve Elliott,selliott5y@craigslist.org,55-(854)122-9245
Margaret Clark,mclarkc7@statcounter.com,7-(221)653-5507
Kenneth Wilson,kwilsonni@tripod.com,86-(304)204-7004
Larry Tucker,ltuckerrp@engadget.com,27-(142)882-3671
Donna Grant,dgrantha@ycombinator.com,60-(855)138-8643
Russell Shaw,rshawfx@mapquest.com,1-(316)972-6141
Eugene Torres,etorres61@etsy.com,86-(590)674-0860
Theresa Gonzalez,tgonzalez3s@constantcontact.com,48-(901)384-6543
Eugene Hughes,ehughes3o@stumbleupon.com,62-(439)485-9928
Craig Nelson,cnelsondf@fc2.com,57-(337)134-1472
Helen Jacobs,hjacobs5g@who.int,63-(807)418-4166
Roy Gomez,rgomez9n@opensource.org,48-(408)692-2959
Ruth Watson,rwatson8b@smh.com.au,55-(510)682-0951
Louise Fernandez,lfernandezed@parallels.com,86-(953)612-5357
Louis Cole,lcole2p@mozilla.org,355-(950)462-9709
Jonathan Nichols,jnicholsji@cafepress.com,62-(603)437-9147
Russell Long,rlong4e@cyberchimps.com,351-(510)422-1929
Janet Nichols,jnicholsg@msu.edu,972-(943)141-8511
Jason Burns,jburns7u@mozilla.org,63-(161)144-7780
Jerry Larson,jlarson52@webs.com,66-(708)483-0834
George Henry,ghenrymv@time.com,234-(201)192-7388
Helen Kim,hkimdv@buzzfeed.com,57-(616)811-5141
Peter Morgan,pmorgan3v@symantec.com,92-(716)615-0463
Henry Fox,hfox3m@disqus.com,351-(674)520-9908
Kelly Cole,kcole6l@dot.gov,86-(738)212-0049
Denise Chavez,dchavezkx@microsoft.com,7-(134)753-6247
Howard Bell,hbelli4@japanpost.jp,98-(291)770-7124
Nicole Woods,nwoods6d@uol.com.br,62-(663)634-1822
Emily James,ejames4i@paginegialle.it,48-(222)283-3762
Alice Black,ablackj4@netlog.com,62-(279)968-5820
Joe Butler,jbutlero8@fotki.com,62-(672)743-9733
Rachel Torres,rtorresgr@umich.edu,55-(258)284-3794
Eric Bishop,ebishop6x@cbc.ca,63-(967)995-0362
Kimberly Grant,kgrant18@studiopress.com,420-(677)243-2785
Joseph Holmes,jholmesks@issuu.com,7-(858)224-6947
Theresa Campbell,tcampbellm9@discovery.com,81-(207)547-1673
Ryan Duncan,rduncan9x@list-manage.com,260-(124)883-8411
Evelyn Carroll,ecarroll7l@topsy.com,55-(429)560-2950
Marilyn Flores,mfloresn0@nature.com,244-(235)115-2196
Kelly Bell,kbellea@facebook.com,63-(206)828-9811
Pamela Brooks,pbrooks66@i2i.jp,33-(373)622-4958
Jose Burton,jburton2t@hao123.com,1-(733)117-7682
Adam Fernandez,afernandez83@dedecms.com,86-(868)382-7524
Phyllis Cooper,pcoopers@samsung.com,86-(612)150-9044
Jacqueline Hernandez,jhernandez2d@google.it,998-(956)589-3373
Judy Wells,jwellsqv@yahoo.co.jp,86-(896)567-9605
Ralph Armstrong,rarmstrong5b@booking.com,86-(898)226-2069
Louise Woods,lwoods4n@hostgator.com,51-(582)949-6805
Antonio Mcdonald,amcdonald39@java.com,55-(554)169-4729
Kathy Ford,kfordgc@constantcontact.com,86-(634)694-8129
Lois James,ljames1n@telegraph.co.uk,86-(328)416-0381
Nancy Carr,ncarr25@tripadvisor.com,63-(925)522-9726
Andrea Franklin,afranklin1h@berkeley.edu,995-(406)267-6101
Cheryl Ellis,cellisap@xrea.com,81-(820)460-9026
Gerald Fields,gfieldsbd@wikipedia.org,81-(223)581-1678
Russell Flores,rflores38@techcrunch.com,33-(700)893-5736
Janice Stevens,jstevens9p@goodreads.com,236-(924)280-7829
Bobby Carr,bcarr8k@free.fr,57-(146)951-0262
Michael Davis,mdavis83@shareasale.com,1-(380)294-6229
Harry Martin,hmartinen@tiny.cc,380-(219)241-4722
Ernest Dean,edeaneo@unblog.fr,81-(129)316-1563
Jack Hawkins,jhawkinske@auda.org.au,7-(894)949-1479
Douglas Warren,dwarren20@stanford.edu,355-(858)919-6414
Aaron Young,ayoungij@qq.com,7-(135)347-1988
Jennifer Fox,jfoxai@github.com,55-(135)903-8088
Randy Fernandez,rfernandez9i@1688.com,62-(539)309-1322
Harry Hawkins,hhawkinscy@twitter.com,371-(213)359-4400
Shawn Kennedy,skennedyaj@archive.org,66-(336)529-5941
Ashley Chavez,achavezi9@princeton.edu,62-(942)945-3535
Fred Ward,fward8i@archive.org,351-(555)946-9075
Donna Fisher,dfisherip@wsj.com,220-(427)809-5452
Marie Murphy,mmurphy63@abc.net.au,86-(987)454-9698
Harold Garrett,hgarrett6@comsenz.com,7-(788)825-1763
Diana Reid,dreidqr@epa.gov,62-(342)352-1058
Albert Butler,abutlerlx@discovery.com,63-(656)161-8760
Robert Hayes,rhayesp7@ft.com,372-(105)632-0447
Donna Cox,dcoxh6@omniture.com,263-(545)112-2481
Lawrence Harris,lharris4l@1688.com,62-(691)741-4248
Samuel Jenkins,sjenkins8f@homestead.com,86-(157)876-4673
Jeffrey Wright,jwright4x@independent.co.uk,976-(739)168-9081
Virginia Oliver,voliverhy@nymag.com,351-(704)433-0043
Jonathan Berry,jberrymo@linkedin.com,86-(980)411-9243
Susan Rogers,srogers5q@dion.ne.jp,375-(747)985-5920
Andrew Kelly,akellymz@flavors.me,227-(797)262-2472
Brenda Stephens,bstephens3x@noaa.gov,1-(679)585-0677
Johnny Stewart,jstewart1s@vinaora.com,46-(783)328-2567
Cheryl Henderson,chendersonw@goodreads.com,222-(215)745-0965
Bonnie Hamilton,bhamiltoncn@ocn.ne.jp,224-(552)298-2183
Henry Thompson,hthompsonhb@bandcamp.com,7-(429)448-2760
Nicole Schmidt,nschmidtey@zimbio.com,51-(448)531-2943
Paul Morris,pmorrisam@goodreads.com,86-(839)302-6329
Diane Schmidt,dschmidtl2@flickr.com,976-(947)554-3576
Christina Payne,cpaynec0@noaa.gov,55-(263)976-1277
Nancy Stevens,nstevenspn@berkeley.edu,46-(655)704-5888
Edward Hudson,ehudsonac@paginegialle.it,63-(612)563-8689
Doris Ward,dward1o@com.com,55-(722)440-9355
Brian Snyder,bsnyderhi@ehow.com,352-(742)815-1351
Paula Wright,pwright8p@e-recht24.de,86-(357)641-5048
Margaret Gonzales,mgonzalesno@abc.net.au,86-(305)724-4387
Jane Arnold,jarnoldqx@studiopress.com,64-(576)920-1043
Kevin Morgan,kmorgan6q@sfgate.com,86-(467)129-1613
Martin Wheeler,mwheelerl0@alexa.com,52-(472)387-8336
Gary Perkins,gperkinsqj@1und1.de,86-(356)303-2904
Paul Wilson,pwilson3w@reuters.com,966-(961)530-6204
Alan Lawson,alawsoneh@narod.ru,62-(218)794-8666
Fred Green,fgreen7i@yellowpages.com,86-(262)336-0946
Carolyn Carter,ccartergp@xrea.com,63-(608)413-4119
Ruth Schmidt,rschmidtk@odnoklassniki.ru,850-(852)628-6742
Diana White,dwhitep6@google.cn,230-(958)873-3204
Andrea Hunter,ahunterd8@spiegel.de,33-(172)834-9215
Janet Lawrence,jlawrencenz@harvard.edu,51-(562)277-7261
Henry Williamson,hwilliamsong6@cargocollective.com,62-(268)723-6019
John Oliver,joliver4v@howstuffworks.com,593-(133)317-2892
Billy Castillo,bcastilloag@linkedin.com,55-(404)553-7429
Clarence Roberts,croberts3@sourceforge.net,33-(984)797-9949
Cheryl Ford,cford1d@free.fr,351-(370)137-4309
Billy Robinson,brobinsonfp@about.me,598-(409)496-1682
Jean Collins,jcollinso7@google.fr,27-(594)143-9993
Shawn Matthews,smatthews7a@skype.com,86-(685)776-1153
Phyllis Olson,polson4b@vinaora.com,992-(682)907-6847
Jacqueline Clark,jclark12@cnbc.com,86-(944)323-3462
Jimmy Cruz,jcruz64@ftc.gov,234-(202)398-0508
Justin Wheeler,jwheelernc@blogs.com,51-(353)180-2369
Heather Anderson,handersonku@dagondesign.com,81-(680)774-9984
Deborah Greene,dgreene2@hubpages.com,62-(345)506-2975
Nicole Vasquez,nvasquez7k@patch.com,63-(632)916-5095
Michelle Dixon,mdixonrf@bravesites.com,30-(546)145-9887
Nicholas Jones,njonesgs@cbc.ca,31-(426)243-2955
Anne Bradley,abradleyb8@arstechnica.com,7-(555)576-5802
Jacqueline Owens,jowens3k@nbcnews.com,230-(985)927-3316
Dorothy Ryan,dryan2o@trellian.com,62-(372)367-2753
Randy Lane,rlaneqg@wisc.edu,62-(609)220-0684
Rose Greene,rgreene30@nih.gov,55-(898)810-1917
Nicholas Rose,nrosec9@behance.net,92-(414)868-8858
Craig Murphy,cmurphy95@ft.com,57-(488)722-4168
Joseph Torres,jtorresoq@latimes.com,972-(873)184-1810
Christopher Lawrence,clawrencefj@wikimedia.org,7-(399)874-9195
Nancy Olson,nolson3i@topsy.com,62-(892)552-6699
Joseph Pierce,jpierceoc@wikispaces.com,49-(600)928-0888
Margaret Ferguson,mfergusonhg@bbb.org,356-(747)433-0929
George Murphy,gmurphyel@mozilla.org,263-(513)286-0254
Laura Gray,lgray35@tripadvisor.com,7-(161)264-7777
Margaret Perez,mperezf0@privacy.gov.au,86-(117)399-2093
Lisa Murray,lmurray30@jugem.jp,1-(412)790-7190
Melissa Warren,mwarrenjh@nytimes.com,7-(851)260-1618
Albert Williams,awilliams9z@alexa.com,62-(702)523-6344
Kathleen Foster,kfostereq@blogtalkradio.com,86-(291)826-0288
Pamela Gutierrez,pgutierrez96@berkeley.edu,249-(176)170-4756
Kenneth Turner,kturnercc@nyu.edu,963-(348)531-1614
Philip Rodriguez,prodriguez59@paginegialle.it,63-(435)529-0563
Arthur Fisher,afisher3e@oakley.com,46-(221)229-4273
David Cunningham,dcunninghamf4@irs.gov,593-(118)311-3451
David Johnson,djohnsonmy@springer.com,353-(288)947-3121
Carlos Ortiz,cortiz4c@skyrock.com,62-(824)545-4321
Susan Lawson,slawson4r@youku.com,420-(913)712-8149
Martin Martin,mmartinkq@alexa.com,506-(999)882-0995
Sara Garza,sgarza7q@irs.gov,84-(272)756-0136
Peter Simpson,psimpson5v@weebly.com,380-(831)266-8405
Heather Spencer,hspencerrd@utexas.edu,62-(764)485-9330
Antonio Robinson,arobinson73@i2i.jp,51-(486)409-4878
Steven Larson,slarson1p@newsvine.com,86-(402)401-6569
Wanda Mitchell,wmitchellkh@parallels.com,86-(153)162-0619
Pamela Peters,ppeters26@nbcnews.com,92-(144)607-7848
Phyllis Banks,pbanks7z@posterous.com,48-(215)615-8035
Peter Fuller,pfullerih@unblog.fr,86-(213)541-9094
Janice Rose,jrose6s@stumbleupon.com,212-(882)732-5766
Diana Young,dyoungr0@miibeian.gov.cn,98-(179)206-2719
Terry Alexander,talexanderr6@jigsy.com,33-(282)984-1157
Michael Sanchez,msanchezpa@devhub.com,1-(903)355-3015
Melissa Knight,mknightkn@naver.com,254-(708)163-7945
Diane Anderson,dandersono9@ebay.com,358-(199)335-1433
Amanda Scott,ascotta5@ebay.co.uk,976-(564)896-7045
Beverly Harper,bharper92@yale.edu,7-(642)181-7284
Louis Diaz,ldiazer@quantcast.com,66-(944)847-4888
Albert Alvarez,aalvarez6q@toplist.cz,48-(456)409-6605
Benjamin Ryan,bryanoz@google.ru,7-(176)884-7094
Russell Fernandez,rfernandez1z@mysql.com,48-(417)478-7972
Bruce Ryan,bryankd@reddit.com,381-(418)942-9401
Johnny Carr,jcarr4k@state.tx.us,55-(941)616-0552
Walter Romero,wromeronn@nba.com,33-(553)383-0602
Christina Fowler,cfowlerak@chron.com,46-(358)475-9966
Andrea Jones,ajonesr2@lulu.com,86-(142)339-4211
Jane Dixon,jdixong5@usgs.gov,86-(356)865-6069
Arthur Cole,acole84@dailymail.co.uk,62-(234)897-8714
Clarence Patterson,cpatterson51@ox.ac.uk,86-(737)236-4670
Lillian Schmidt,lschmidt3r@google.nl,30-(387)272-2378
Christine Peters,cpetershn@scribd.com,84-(273)645-8568
William Gray,wgray71@domainmarket.com,62-(412)428-3992
Helen Ortiz,hortiz5j@gizmodo.com,62-(353)979-4062
Brian Harris,bharris3k@microsoft.com,86-(457)232-1744
Ronald Richards,rrichards2o@hao123.com,86-(799)141-7452
Ann Morgan,amorgan4c@issuu.com,62-(328)873-6759
Diana Rice,dricegf@mac.com,351-(798)914-6397
Anne Coleman,acolemanjv@economist.com,86-(480)768-0823
Robin Gonzales,rgonzales3n@multiply.com,81-(439)868-3062
Michael Bennett,mbennett1i@gov.uk,64-(574)172-3904
Cynthia Turner,cturnermh@addthis.com,62-(278)603-3603
James Torres,jtorresnu@macromedia.com,62-(519)411-3376
Robin King,rking1v@theguardian.com,86-(149)680-8485
Justin Berry,jberry1j@macromedia.com,62-(206)855-7156
Cynthia Hart,chart87@ucla.edu,86-(719)928-7543
Ralph Elliott,relliottf7@qq.com,86-(416)759-5943
William Gutierrez,wgutierrezqm@discovery.com,46-(395)674-2297
Arthur Harrison,aharrisonde@feedburner.com,7-(727)226-4753
Diane White,dwhite1m@yahoo.co.jp,86-(695)791-5889
Samuel Campbell,scampbelldw@arizona.edu,66-(675)314-0614
Timothy Perry,tperryma@cbsnews.com,351-(699)466-1014
Willie Brooks,wbrooks2h@mysql.com,963-(614)824-1547
Irene Hughes,ihughesie@php.net,51-(478)410-6092
Virginia Black,vblack44@nps.gov,86-(439)212-2021
Lisa Woods,lwoodscj@printfriendly.com,49-(211)857-1581
Bonnie Johnston,bjohnston6e@bbc.co.uk,504-(392)577-9965
Denise Owens,dowens1x@slideshare.net,224-(730)300-4607
Denise Butler,dbutler93@seattletimes.com,81-(877)725-3526
Ernest Stanley,estanley4@ft.com,62-(409)158-9593
Pamela Adams,padamsrn@miitbeian.gov.cn,351-(955)593-6221
Lori Palmer,lpalmer7f@spiegel.de,86-(120)905-2287
Samuel Moore,smooreny@go.com,81-(115)202-7774
Carolyn Castillo,ccastillo4s@is.gd,970-(589)903-3307
Wanda Vasquez,wvasqueznx@51.la,62-(866)100-5174
Willie Fowler,wfowler5a@1688.com,62-(788)587-6263
Martin Jenkins,mjenkinsa0@jimdo.com,48-(628)994-0180
Bruce Martinez,bmartinezf5@google.fr,55-(587)490-9058
Andrew Ramos,aramos7f@nifty.com,86-(421)517-1291
Elizabeth Cook,ecook2c@dmoz.org,81-(368)352-2751
Dennis Lopez,dlopez48@sogou.com,30-(152)175-5735
George Bryant,gbryant7@wix.com,51-(254)215-9608
Donna Price,dprice5x@vinaora.com,380-(957)495-8009
Sharon Jenkins,sjenkins87@bbc.co.uk,62-(486)195-7208
Jimmy Gonzales,jgonzalesfd@parallels.com,420-(708)315-2673
Eugene Nichols,enicholsnt@va.gov,976-(239)866-2789
Deborah Burton,dburtonrq@wix.com,63-(373)769-1272
Roy Martinez,rmartinez6c@yelp.com,84-(484)268-9305
Shirley Howard,showard4u@addthis.com,86-(339)100-4140
Eugene Knight,eknight3m@census.gov,66-(566)933-8791
Randy Jenkins,rjenkins6y@goodreads.com,30-(403)244-9652
Donna Sullivan,dsullivan1z@xinhuanet.com,39-(747)701-0282
Earl Meyer,emeyer5a@comcast.net,52-(486)528-6371
Sandra Clark,sclarkbz@hc360.com,967-(795)650-7297
Carl Carr,ccarr31@microsoft.com,351-(320)873-5913
Gerald Moreno,gmoreno6n@berkeley.edu,420-(884)442-1976
Margaret Coleman,mcoleman8a@state.gov,63-(441)978-0817
Bonnie Fisher,bfisherrl@people.com.cn,33-(701)308-7512
Joan Frazier,jfrazierrk@phoca.cz,63-(724)386-6580
Evelyn Sullivan,esullivan7m@blogtalkradio.com,62-(925)973-1796
Linda Marshall,lmarshall9j@usgs.gov,46-(799)805-8766
Roy Mason,rmasonj9@globo.com,48-(623)465-7797
Kathleen Daniels,kdanielsgu@ucsd.edu,57-(332)425-4440
Jose Day,jdayop@godaddy.com,1-(182)388-4071
Brandon Alexander,balexander4t@dyndns.org,55-(258)375-1761
Earl Owens,eowensff@ovh.net,262-(120)526-3358
Fred Fowler,ffowler7t@discuz.net,33-(886)896-0723
Laura Hill,lhillh4@wufoo.com,593-(518)224-4831
Jonathan Greene,jgreenen1@psu.edu,62-(922)785-2223
Cheryl Johnston,cjohnston15@yahoo.co.jp,62-(369)198-9854
Karen Gordon,kgordonga@stanford.edu,7-(282)211-7851
Kathryn Lopez,klopez52@cnn.com,351-(405)584-2289
Denise Willis,dwillis7p@wordpress.org,420-(805)185-5591
Karen Alexander,kalexander94@google.com.br,62-(301)814-7308
Nicholas Fox,nfoxi1@youku.com,30-(307)320-3030
Jack Richards,jrichardskg@sogou.com,63-(840)149-4181
Elizabeth Mccoy,emccoye1@ustream.tv,62-(947)882-3682
James Kim,jkimms@tripod.com,420-(856)862-6626
Louise Bailey,lbaileyl1@opensource.org,30-(768)696-8852
Rachel Rivera,rrivera72@squarespace.com,46-(875)326-4099
Ruth Hawkins,rhawkins51@github.com,46-(721)501-3796
Anne Larson,alarsonic@creativecommons.org,58-(733)347-6238
Jennifer Jordan,jjordan3t@soup.io,256-(646)126-2279
Susan Hunter,shunterk@php.net,33-(438)662-4177
Patrick Duncan,pduncan2a@oracle.com,55-(381)156-9692
Louis Barnes,lbarnes14@etsy.com,62-(908)407-7205
Sara Roberts,srobertsns@bravesites.com,51-(603)409-6542
Laura Flores,lflores44@angelfire.com,86-(245)182-3992
Nicole Gomez,ngomezkt@harvard.edu,352-(877)260-6157
Juan Alexander,jalexanderiw@samsung.com,355-(548)287-1033
Shirley Burton,sburton65@cocolog-nifty.com,1-(284)348-4561
Cynthia Sullivan,csullivan29@lulu.com,58-(890)154-4260
Victor Gutierrez,vgutierrez7t@google.com.br,51-(262)102-5994
Joan Fuller,jfullernb@pinterest.com,86-(295)368-0357
Marie Rice,mricerj@xinhuanet.com,380-(661)423-7297
Bruce Reynolds,breynolds20@miitbeian.gov.cn,380-(904)599-8231
Joshua West,jwest69@netlog.com,86-(930)888-8581
Frances Gray,fgray4x@symantec.com,502-(528)957-8731
Rose Knight,rknightk2@ed.gov,86-(731)415-7441
David Reed,dreed7r@php.net,33-(749)829-8006
Ann Frazier,afraziergw@baidu.com,33-(400)614-2673
Karen Austin,kaustinkw@japanpost.jp,351-(112)424-5350
Gregory Dunn,gdunnpf@godaddy.com,998-(170)321-7032
William Moreno,wmorenop0@harvard.edu,98-(184)580-6880
Donna Williamson,dwilliamson5t@dedecms.com,46-(379)974-4385
Jerry Stephens,jstephens1e@mashable.com,1-(212)446-0623
William King,wkinga1@over-blog.com,48-(460)603-7913
Benjamin Hill,bhill6w@pagesperso-orange.fr,7-(386)998-4009
Craig Cox,ccoxdr@eventbrite.com,48-(312)521-8220
Ruby Long,rlongg9@goo.gl,7-(990)337-2583
Janice Campbell,jcampbell3q@slate.com,86-(342)342-3271
Brenda Evans,bevansu@t.co,63-(966)759-5199
Charles Wallace,cwallaceb@drupal.org,86-(717)778-7175
Jose Stanley,jstanley2s@last.fm,351-(842)169-5948
Nicholas Hunt,nhuntdh@geocities.com,86-(111)820-4435
Annie Morrison,amorrisonpl@addtoany.com,30-(861)115-2198
Paula Murray,pmurray1a@biglobe.ne.jp,63-(226)880-6119
Bobby Collins,bcollins3q@boston.com,48-(581)889-5152
Emily Burns,eburns53@behance.net,54-(768)941-3411
Sandra Ferguson,sferguson7i@blogtalkradio.com,375-(582)826-9453
Lori Nelson,lnelsonro@skype.com,30-(608)517-1819
Karen Hamilton,khamilton3o@unesco.org,380-(798)302-9960
Brandon Scott,bscott3i@loc.gov,86-(650)947-2961
Russell Owens,rowensl3@mayoclinic.com,1-(714)201-5104
Mildred Fuller,mfuller1m@live.com,58-(128)585-6856
Sara Garcia,sgarcia9d@nature.com,359-(445)971-6774
Lori Cooper,lcooper1d@amazon.co.uk,52-(759)514-5632
Wanda Medina,wmedinaid@lycos.com,48-(689)510-2777
Joe Robertson,jrobertsonc@state.gov,970-(663)489-6180
Janice Mills,jmills28@vk.com,46-(375)591-4711
Karen Thompson,kthompsonmm@mayoclinic.com,51-(780)583-2620
Kimberly Alexander,kalexander1y@economist.com,355-(580)971-7998
Gerald Lee,gleelj@cdc.gov,216-(638)146-2977
Christina Lewis,clewisb1@gravatar.com,62-(202)200-7830
Larry Cox,lcoxp1@purevolume.com,351-(600)494-5772
Stephen Hanson,shanson4h@nba.com,970-(594)482-4583
Julie Gutierrez,jgutierrezlm@php.net,31-(856)928-4043
George Thompson,gthompsonix@yale.edu,380-(842)513-9626
Louise Montgomery,lmontgomeryx@weebly.com,46-(338)210-1988
Phillip Mitchell,pmitchell55@baidu.com,234-(512)895-0269
Ralph Anderson,randersondk@nhs.uk,48-(100)162-2565
Harold Patterson,hpattersonbo@mtv.com,81-(694)114-7023
Gloria Gordon,ggordon9a@wunderground.com,33-(572)836-8456
Susan Meyer,smeyern5@ocn.ne.jp,54-(443)860-0385
Paula Black,pblack4f@unblog.fr,420-(173)698-8716
Dorothy Bishop,dbishopcu@statcounter.com,86-(827)683-9389
Joe Morris,jmorriso@list-manage.com,49-(324)389-4610
Willie Mitchell,wmitchellfh@japanpost.jp,1-(982)722-0222
Diane Dixon,ddixon6r@amazonaws.com,62-(205)503-1570
Kenneth Wallace,kwallaceou@prlog.org,39-(980)124-3573
Arthur Bennett,abennett4j@webeden.co.uk,52-(240)779-0551
Earl Garrett,egarrettkb@jigsy.com,63-(804)186-6521
Helen Romero,hromero2s@surveymonkey.com,62-(416)726-3278
Rose Allen,rallen1y@fastcompany.com,63-(951)498-7782
Juan Vasquez,jvasquez6j@patch.com,57-(264)495-4674
Scott Mason,smasonr1@ucla.edu,86-(195)667-7859
Robert Ward,rward64@va.gov,62-(225)232-0054
Shirley Arnold,sarnoldnj@buzzfeed.com,48-(702)841-6645
Janice Wheeler,jwheelerfy@ehow.com,54-(408)192-6864
Anna Allen,aallen59@admin.ch,48-(349)133-0326
Bonnie Brooks,bbrooks2n@forbes.com,63-(603)595-6764
Kenneth Lopez,klopezbe@gov.uk,60-(725)642-9623
Martin Oliver,moliverhh@linkedin.com,351-(727)128-5141
Harry Gilbert,hgilberto2@ycombinator.com,966-(212)120-7634
Alan Carroll,acarroll48@cbsnews.com,86-(619)170-5489
Eric Parker,eparker16@cnn.com,62-(422)771-1674
Catherine Hunt,chuntge@163.com,358-(645)699-5755
Phyllis Mills,pmills18@flavors.me,48-(243)212-9367
Michelle Torres,mtorres1a@storify.com,48-(455)484-3587
Juan Graham,jgraham9f@redcross.org,7-(153)985-9037
Brian Long,blong10@theguardian.com,86-(203)885-1249
Patrick Johnson,pjohnsony@github.com,98-(578)203-7426
Johnny Howell,jhowell6z@liveinternet.ru,7-(350)275-7492
Helen Brooks,hbrooks33@wunderground.com,63-(858)584-0204
Christopher Bennett,cbennettjd@blogtalkradio.com,86-(111)454-2986
Deborah Lane,dlane6y@barnesandnoble.com,7-(370)779-4137
Jessica Black,jblack8y@eventbrite.com,380-(136)633-6886
Phillip Barnes,pbarnesbw@g.co,62-(391)426-3138
Johnny Duncan,jduncanng@samsung.com,385-(735)623-9616
Phillip Ortiz,portiz4w@hibu.com,33-(857)576-4356
Jose Dean,jdean3e@edublogs.org,1-(672)817-7746
Mary Freeman,mfreemanq4@yahoo.com,63-(219)833-7579
Scott Peterson,speterson6w@salon.com,351-(473)605-4733
Wanda Snyder,wsnyderql@thetimes.co.uk,380-(158)269-5366
Paul Crawford,pcrawford9q@hugedomains.com,63-(834)763-0061
Arthur Freeman,afreeman13@soup.io,62-(454)323-8109
Angela Garcia,agarcia8x@wiley.com,62-(333)154-1162
Cynthia Mendoza,cmendozalg@etsy.com,380-(758)362-5057
Ruth Reed,rreed2b@patch.com,93-(937)362-8616
Louise Crawford,lcrawford4m@ask.com,44-(327)358-9920
Brandon Wright,bwright80@utexas.edu,62-(915)140-2810
Amanda Robinson,arobinsonet@moonfruit.com,242-(438)420-8542
Nancy Mills,nmills2v@free.fr,55-(943)969-5227
Walter Wheeler,wwheeler1f@hexun.com,92-(232)402-9718
Brandon Larson,blarsonnr@house.gov,62-(705)891-4300
Carl Howard,choward1t@so-net.ne.jp,48-(946)801-7059
Janice Johnson,jjohnsonjf@upenn.edu,33-(813)580-3460
Wanda Bowman,wbowmanav@redcross.org,351-(684)774-8573
Mark Hudson,mhudson2k@tamu.edu,7-(905)281-9619
Marilyn Gutierrez,mgutierrez1b@usnews.com,7-(511)495-6865
Anne Ellis,aellis32@live.com,86-(312)159-6093
Donna Barnes,dbarnesu@imgur.com,81-(360)222-6875
Catherine Lynch,clynchmr@free.fr,7-(260)884-3556
Deborah Green,dgreendn@miitbeian.gov.cn,351-(212)178-8887
Amanda Harris,aharris1g@cam.ac.uk,261-(996)628-4486
Brian Jacobs,bjacobs2u@mail.ru,20-(666)400-6706
Randy Henry,rhenryn2@imgur.com,62-(231)374-9956
Kenneth Tucker,ktucker3l@reference.com,86-(395)954-7931
Ann Castillo,acastillo9@jiathis.com,269-(592)284-2554
Mary Knight,mknightox@bloglovin.com,228-(978)606-9638
Heather Bell,hbell82@fc2.com,420-(452)592-3356
Jane Perez,jperezka@dmoz.org,31-(994)218-7479
Amy Grant,agranthr@discuz.net,380-(927)437-6686
Tina Garza,tgarza9@reverbnation.com,1-(501)460-3244
Kathleen Carr,kcarraw@vinaora.com,86-(851)228-2963
Andrea Kelley,akelleypt@chicagotribune.com,66-(275)734-6710
Jessica Mcdonald,jmcdonald2e@amazon.co.jp,86-(886)557-5589
Nicholas Burton,nburton74@blogs.com,66-(416)980-9164
Kathleen Sanchez,ksanchezim@disqus.com,686-(306)161-0276
Todd Ross,tross67@harvard.edu,62-(648)879-3017
Janice Owens,jowensbq@ezinearticles.com,387-(277)643-6863
Christina Brown,cbrown60@about.com,86-(678)115-4710
Gregory Cole,gcoleov@webnode.com,63-(451)117-8663
Anne Hughes,ahughes88@geocities.com,226-(884)678-3250
Harold Harper,hharper6p@sogou.com,7-(849)896-5862
Maria Matthews,mmatthewsmx@cmu.edu,62-(118)726-7611
Lisa Banks,lbanksdx@go.com,48-(348)135-2788
Alice Reynolds,areynolds5@usgs.gov,62-(856)334-9465
Donna Gibson,dgibson58@tripod.com,55-(913)439-0268
Linda Reid,lreid2i@discovery.com,57-(293)760-1376
Brian Martin,bmartinow@github.com,86-(293)536-5465
Dennis Price,dpricek4@theatlantic.com,86-(301)836-0312
Rose Wood,rwoodh0@constantcontact.com,680-(392)484-0586
Ryan Hunt,rhunt4y@ucoz.ru,63-(214)468-5980
Ronald Carpenter,rcarpenterob@rediff.com,63-(217)820-5128
Mark Johnston,mjohnston6b@fastcompany.com,86-(298)441-4005
Lawrence Owens,lowenshl@prweb.com,81-(292)407-8168
Nicholas Snyder,nsnyder22@washingtonpost.com,57-(229)408-8462
Rebecca Burns,rburnsh@uol.com.br,48-(615)258-4221
Heather Washington,hwashingtonje@indiatimes.com,1-(617)383-4765
Scott Stephens,sstephensj8@qq.com,57-(505)389-3384
Norma Ross,nross1j@craigslist.org,86-(967)272-6341
Louise Howard,lhoward4a@sakura.ne.jp,46-(978)341-1921
Kelly Reynolds,kreynoldsf9@freewebs.com,62-(129)585-0772
Wanda Ray,wray4v@opensource.org,63-(393)981-3582
Judith Howell,jhowell85@reddit.com,46-(120)395-9703
Steve Romero,sromerob6@squidoo.com,420-(900)227-1521
Walter Robinson,wrobinsonoh@istockphoto.com,30-(495)942-7889
Wayne Oliver,woliverii@about.me,86-(909)693-8229
Sharon Smith,ssmith2p@t.co,212-(270)302-3676
Jessica Morrison,jmorrisonp2@wordpress.org,86-(617)549-0020
Joan Black,jblack3f@cnbc.com,48-(517)289-8288
Victor Olson,volson7c@hexun.com,33-(915)804-2153
Alice Russell,arussellju@sciencedirect.com,57-(480)820-0297
Carlos Foster,cfosternv@tinyurl.com,46-(415)319-1127
Antonio Shaw,ashawgt@tuttocitta.it,53-(438)810-6977
Sean White,swhiteqt@mashable.com,355-(266)964-6029
Andrea Brown,abrown2n@posterous.com,57-(454)123-7594
Jimmy Carpenter,jcarpenterl4@qq.com,62-(184)201-6462
Janet Chapman,jchapman56@spotify.com,48-(888)167-3638
Harry Crawford,hcrawford1k@fda.gov,62-(387)701-9609
Frances Romero,fromero3p@sina.com.cn,86-(925)826-5231
Sara Woods,swoodsq@wikipedia.org,62-(923)361-7628
Scott Willis,swillislo@mac.com,299-(644)371-4095
Daniel Torres,dtorres47@oracle.com,33-(395)873-2092
Thomas Hart,thart5g@is.gd,55-(522)971-3355
Kathryn Carr,kcarrba@naver.com,7-(466)165-6806
Marie Collins,mcollinse7@usda.gov,81-(480)254-4830
Deborah Graham,dgraham7w@a8.net,63-(393)798-9140
Theresa Morris,tmorrisaf@ameblo.jp,62-(453)893-4220
Carolyn Thompson,cthompsonmp@reverbnation.com,967-(827)628-9319
Rose Peterson,rpetersonmw@edublogs.org,56-(749)877-1724
Rachel Medina,rmedina2e@vk.com,237-(110)176-8529
Keith Medina,kmedina9w@unblog.fr,255-(814)804-3741
William Scott,wscott37@hibu.com,57-(690)964-2396
Nicole Kim,nkim7s@pinterest.com,33-(622)389-4530
Kimberly Moreno,kmorenom7@biglobe.ne.jp,420-(577)486-6415
Rose Burton,rburton5o@jimdo.com,47-(273)392-7477
Andrea Lane,alaneaa@netlog.com,33-(851)636-0260
Kelly Thompson,kthompson5k@gov.uk,86-(674)883-7473
Joseph Turner,jturnerj0@gmpg.org,66-(994)810-2171
Harry Green,hgreendj@instagram.com,7-(405)812-1259
Jane Chavez,jchavez76@fotki.com,63-(940)535-6359
Phillip Gilbert,pgilbertt@ehow.com,62-(308)478-9556
Jean Nelson,jnelsonfo@mayoclinic.com,86-(188)740-6020
Harold Owens,howens7k@tiny.cc,48-(374)250-1940
Cheryl Reyes,creyesmf@last.fm,86-(131)154-6345
Joe Grant,jgrantcr@liveinternet.ru,86-(539)316-0336
Mary Clark,mclark2z@fotki.com,212-(495)503-5487
Jonathan Parker,jparker70@squidoo.com,86-(569)908-1855
Shawn Evans,sevans7g@odnoklassniki.ru,84-(483)840-7488
Nicole Vasquez,nvasquez72@examiner.com,63-(414)433-8045
Joan George,jgeorge8j@icio.us,46-(475)321-6936
Tina Thompson,tthompsonk1@seattletimes.com,86-(648)120-5510
Gerald Mccoy,gmccoygd@rediff.com,66-(986)562-8395
Kimberly Cole,kcolelt@tinypic.com,389-(879)605-2299
Joan Carr,jcarrek@slate.com,86-(295)122-5841
Andrew Mccoy,amccoym8@imageshack.us,86-(840)467-0935
Gregory Wells,gwellsd6@simplemachines.org,46-(835)718-4227
Robin Welch,rwelchl7@microsoft.com,86-(239)990-6412
Sharon Grant,sgrant2x@soup.io,86-(511)907-7866
Sara Martinez,smartinez1g@europa.eu,86-(229)810-7971
Debra Campbell,dcampbellcz@europa.eu,386-(284)246-5573
Brandon Phillips,bphillipsk9@sitemeter.com,64-(812)113-2719
Tammy Hanson,thansonfu@tuttocitta.it,961-(507)169-8914
Sara Wallace,swallaceqa@cnet.com,66-(934)873-7182
Martha Ross,mross4g@census.gov,380-(288)616-6632
Thomas Long,tlongqq@pbs.org,81-(326)293-0365
Brian Crawford,bcrawfordm0@intel.com,86-(206)727-7207
Todd Owens,towensrh@businesswire.com,380-(298)439-7641
Carol Rogers,crogers7y@paginegialle.it,7-(337)612-9932
Cheryl Mason,cmasonkr@psu.edu,420-(961)247-8606
Benjamin Murray,bmurraycs@webmd.com,55-(944)259-4966
Todd Daniels,tdaniels1c@webnode.com,1-(208)571-0004
Laura Rivera,lrivera17@unicef.org,1-(703)262-8488
Wanda Little,wlittle50@geocities.com,53-(462)310-7128
Jesse Mitchell,jmitchellr@goo.ne.jp,86-(777)839-9727
Keith Medina,kmedina8d@dmoz.org,86-(253)938-3361
Michael Little,mlittle2f@engadget.com,86-(674)889-2273
Larry Robinson,lrobinsonpj@shinystat.com,62-(162)197-4963
Ronald Alexander,ralexanderor@jugem.jp,505-(570)999-8902
Jose Watkins,jwatkins8b@usnews.com,33-(905)862-4691
Jonathan Grant,jgranthz@mlb.com,62-(253)563-9969
Gary Jacobs,gjacobs8@google.pl,39-(575)374-7750
Barbara Riley,briley2l@npr.org,81-(128)474-4811
Martin Cunningham,mcunninghamlc@de.vu,7-(829)497-7150
James Watkins,jwatkins4h@techcrunch.com,965-(828)586-9081
Daniel Brooks,dbrooks7o@icio.us,60-(921)167-7371
Michael Grant,mgrante5@hexun.com,62-(150)863-5081
Emily Morrison,emorrison6t@usda.gov,62-(616)693-8633
Ronald Perry,rperryhc@usgs.gov,62-(356)448-2560
Brenda Gilbert,bgilbert7v@woothemes.com,57-(708)565-7218
Antonio Stephens,astephensis@jigsy.com,48-(539)327-1753
Patrick Boyd,pboyd5j@irs.gov,256-(609)535-3829
Roy Elliott,relliott9m@etsy.com,57-(867)636-9148
Susan Ruiz,sruizhk@statcounter.com,375-(167)900-1061
Kathryn Lee,klee8v@nhs.uk,62-(651)917-6869
Barbara Williamson,bwilliamson7x@goo.gl,62-(729)880-2618
Victor Warren,vwarren9g@wikispaces.com,54-(613)535-7640
Denise Diaz,ddiaz6k@quantcast.com,86-(370)681-5046
Lillian Burton,lburtonio@multiply.com,7-(255)954-8915
Thomas Walker,twalker80@mysql.com,63-(855)679-3330
Joan Davis,jdaviss@google.com,48-(621)804-2668
Peter Fernandez,pfernandezhu@youku.com,63-(832)947-6065
Betty Jacobs,bjacobs1n@creativecommons.org,86-(878)942-6896
Debra Stephens,dstephens4k@e-recht24.de,249-(524)527-8739
Edward Fernandez,efernandezw@nytimes.com,7-(284)974-2231
Joe Montgomery,jmontgomeryog@hostgator.com,1-(419)549-9240
Eric Frazier,efrazierre@howstuffworks.com,1-(347)829-1294
Henry Fuller,hfullerc@engadget.com,976-(879)640-1805
Aaron Watkins,awatkinsem@reverbnation.com,33-(883)830-0659
Debra Davis,ddavisao@vinaora.com,63-(679)561-9022
Aaron Campbell,acampbell9k@ning.com,1-(250)188-8322
Martha Cole,mcoleg8@wufoo.com,62-(467)865-1855
Emily Hernandez,ehernandezd5@google.co.jp,46-(157)264-2415
Deborah Holmes,dholmes2v@fc2.com,33-(100)105-2716
Ruby Morrison,rmorrison42@hhs.gov,86-(335)349-7720
Virginia Hall,vhall4u@soup.io,1-(270)810-7587
Tina Howard,thowardj7@wsj.com,81-(745)961-6949
Paul Tucker,ptucker39@dedecms.com,86-(122)965-1939
Jimmy Coleman,jcolemanep@webnode.com,228-(835)604-5316
Martin Wallace,mwallaceh5@plala.or.jp,48-(205)571-5594
Diana Stewart,dstewartqn@time.com,62-(695)154-7165
Benjamin Robinson,brobinsond@nyu.edu,33-(915)925-0351
Kathryn Peters,kpetersg7@shutterfly.com,7-(355)673-9062
Gregory Young,gyoung82@desdev.cn,46-(304)694-7293
Debra Moore,dmooreqe@dion.ne.jp,62-(330)391-5708
Elizabeth Knight,eknightk6@google.it,81-(212)962-2879
Joe Day,jdayan@pen.io,234-(626)605-6263
Rose Graham,rgraham3c@github.com,55-(362)152-1841
James Ellis,jellisck@census.gov,62-(287)289-5096
Sharon Gonzalez,sgonzalez76@spiegel.de,7-(799)112-4748
Mark Evans,mevansqh@exblog.jp,381-(448)668-8258
Alan Lynch,alynchew@prnewswire.com,7-(754)448-4428
Henry Davis,hdavisjm@1und1.de,351-(770)843-3458
Betty Kennedy,bkennedycd@elegantthemes.com,86-(267)270-5079
Stephanie Castillo,scastilloq7@webnode.com,98-(524)276-7290
Rachel Ward,rward5r@github.io,86-(693)385-9550
James Rodriguez,jrodriguez5d@pinterest.com,46-(253)561-4207
Charles Gibson,cgibson7h@meetup.com,60-(939)655-0943
Bobby Alexander,balexanderq@themeforest.net,351-(861)748-2827
Larry Bell,lbellay@addthis.com,33-(481)641-3892
Terry Fields,tfieldsi0@spotify.com,81-(942)624-7059
Robert Richardson,rrichardson9r@bandcamp.com,353-(948)934-2031
Jack Moreno,jmorenonh@zimbio.com,86-(124)564-5854
Stephen Oliver,soliver41@wiley.com,1-(559)791-2005
Billy Hanson,bhanson4s@kickstarter.com,7-(742)554-4280
Martin Reid,mreid6g@ebay.com,381-(553)906-9570
Nancy Lawson,nlawson9s@miibeian.gov.cn,63-(904)265-1667
William Rivera,wriveraa6@blinklist.com,86-(730)665-0035
Donald Cooper,dcooper4z@tiny.cc,235-(399)341-9983
Robin Burton,rburtonr4@independent.co.uk,48-(570)512-7506
Aaron Hayes,ahayes42@eepurl.com,81-(809)437-1328
Heather Spencer,hspencer41@indiegogo.com,976-(814)468-2138
Paula Lee,plee5u@imgur.com,86-(321)904-5817
Martha Lawson,mlawson97@themeforest.net,86-(260)409-7505
Antonio Thomas,athomasmq@ask.com,46-(879)816-9491
Paula Little,plittlem5@eventbrite.com,86-(189)819-4209
Donna Watson,dwatsonld@jalbum.net,55-(460)322-3232
Roy Lynch,rlynchcf@marketwatch.com,48-(120)682-1063
Randy Day,rdayoe@163.com,351-(794)210-2973
Sean Hunt,shunt2w@google.co.uk,62-(241)297-4290
Janet Brown,jbrownh3@creativecommons.org,7-(477)283-4028
Betty Lee,blee6h@dailymotion.com,7-(311)706-4372
Benjamin Hall,bhallos@reuters.com,86-(557)117-4155
Albert Berry,aberry1v@nps.gov,226-(659)492-3193
Adam Fowler,afowlero0@youtu.be,86-(384)286-5251
Theresa Moreno,tmorenoi3@dion.ne.jp,351-(932)654-5689
Susan Harrison,sharrison11@salon.com,86-(767)468-7638
Christopher Knight,cknightr9@skyrock.com,86-(728)898-9916
Lois Cox,lcox3t@t-online.de,48-(322)692-7345
Helen Alexander,halexanderda@soup.io,86-(199)426-7759
Harold Olson,holson4z@huffingtonpost.com,86-(787)981-0994
Robin Hayes,rhayes5f@imdb.com,593-(233)426-7261
Helen Mitchell,hmitchelldo@biblegateway.com,385-(695)457-3290
Antonio Dunn,adunn8m@globo.com,48-(597)136-4680
Brian Carroll,bcarroll7q@wired.com,237-(398)279-6343
Kevin Bishop,kbishop3v@adobe.com,84-(361)251-0486
Johnny Montgomery,jmontgomerybu@trellian.com,86-(825)410-2475
Ryan Perry,rperry1u@reuters.com,58-(713)806-2332
Ashley Alexander,aalexanderjc@cornell.edu,86-(409)492-3376
Alan Reynolds,areynoldsik@youku.com,48-(838)733-8992
Jerry Dixon,jdixonnw@weebly.com,48-(280)212-0669
Ann Diaz,adiazbl@army.mil,48-(693)193-1534
Aaron Patterson,apatterson40@ibm.com,86-(695)655-1147
Anthony Lawson,alawsongh@dailymotion.com,380-(382)293-1723
Jerry Hudson,jhudson3f@slashdot.org,62-(250)518-4181
Russell Crawford,rcrawfordqz@homestead.com,502-(301)561-1658
Dennis Carpenter,dcarpenter1w@nationalgeographic.com,98-(936)361-9055
Joseph Brown,jbrownpw@wordpress.com,86-(899)747-7708
Rose Mills,rmills2@behance.net,351-(802)665-1375
Dennis Wells,dwells9y@globo.com,48-(171)553-9889
Johnny Wood,jwoodc3@meetup.com,972-(195)848-6851
Lori Chavez,lchavezar@angelfire.com,380-(573)187-8212
Stephanie Cox,scoxei@tumblr.com,86-(558)626-4571
Emily Ortiz,eortizc6@histats.com,46-(643)419-3493
Jacqueline Burton,jburton15@ucoz.ru,380-(464)436-7259
William Jordan,wjordanhq@ebay.co.uk,62-(497)282-7876
Betty Nichols,bnichols2h@mozilla.com,255-(511)717-7491
Ryan Mccoy,rmccoyfk@newsvine.com,57-(265)426-1344
Roger Ross,rross7d@mapy.cz,62-(940)398-4078
Debra Davis,ddavis43@house.gov,86-(824)869-3098
Cynthia White,cwhiteoi@yahoo.com,380-(492)461-4951
Kimberly Rice,krice2r@state.gov,47-(100)675-7371
Clarence Ward,cwardq5@blogger.com,86-(300)646-2795
Janet George,jgeorge4l@unc.edu,86-(567)348-4129
Emily Sanders,esanders5n@cafepress.com,960-(723)851-1466
Todd Price,tprice10@guardian.co.uk,62-(176)953-3150
Howard Martinez,hmartinez8n@vistaprint.com,385-(820)678-8197
Gerald Ray,gray5s@npr.org,86-(172)541-0367
Tina Wheeler,twheeler2k@w3.org,351-(547)958-9221
Brian Miller,bmillerh7@mapquest.com,1-(444)248-9806
Steven Long,slongk8@pinterest.com,46-(981)856-1396
Heather Fisher,hfisher1q@rakuten.co.jp,880-(882)599-0294
Diana Price,dpriceqi@vimeo.com,261-(938)978-1661
Fred Butler,fbutlerf2@pinterest.com,62-(169)437-2017
Scott Turner,sturnero4@vk.com,7-(346)554-0153
Deborah Hernandez,dhernandezx@ebay.co.uk,93-(769)234-8747
Cynthia Clark,cclark1w@abc.net.au,98-(914)949-8895
Gloria Hanson,ghanson4d@smh.com.au,234-(794)850-4577
Laura Mendoza,lmendozaqy@barnesandnoble.com,237-(487)603-8167
Paula Ross,prossjt@intel.com,691-(325)777-8991
Kathryn Greene,kgreeneb0@youku.com,62-(721)949-6271
Sarah Mills,smillsjq@japanpost.jp,62-(387)744-2230
Billy Mendoza,bmendoza3z@indiatimes.com,62-(433)986-7992
Jose Marshall,jmarshall5h@ask.com,86-(233)671-6107
Amanda Burke,aburke5c@vkontakte.ru,86-(288)511-9172
Kathleen Richardson,krichardsonez@dion.ne.jp,375-(884)971-4774
Judith Fernandez,jfernandez6d@howstuffworks.com,7-(269)422-3858
Eric Jackson,ejacksonk7@spotify.com,970-(393)524-6713
Cynthia Henderson,chenderson34@spiegel.de,84-(224)548-5533
Nicole Porter,nporteron@list-manage.com,86-(936)744-4328
George Graham,ggrahamnf@tinyurl.com,86-(457)269-5550
Shirley Sullivan,ssullivan2d@guardian.co.uk,86-(551)154-3987
Todd Robinson,trobinson4n@t.co,57-(614)977-8046
Doris Lynch,dlynchgz@msu.edu,86-(444)764-1268
Brenda Jacobs,bjacobs71@plala.or.jp,63-(622)607-8846
Sandra Howard,showardm@nasa.gov,7-(161)159-0027
Cynthia Nelson,cnelsone8@digg.com,380-(326)933-1149
Ernest Moreno,emorenohe@webnode.com,380-(470)807-7667
Diane Morales,dmorales1l@bizjournals.com,66-(301)293-3779
Johnny Hamilton,jhamiltonpv@about.com,55-(268)852-0357
Irene Torres,itorres2j@biglobe.ne.jp,63-(884)260-1988
Ruth Marshall,rmarshallb5@mtv.com,48-(729)509-3902
Ruby Chavez,rchavezod@vinaora.com,57-(813)903-3109
Eric Kennedy,ekennedyn9@digg.com,86-(322)861-3032
Dorothy Graham,dgrahamc1@wp.com,55-(881)565-4852
Irene Lee,ileed7@businessinsider.com,55-(516)389-6011
Evelyn Jacobs,ejacobsd2@intel.com,51-(982)712-5116
Adam Gordon,agordon7d@reuters.com,86-(574)737-2479
Steven Griffin,sgriffin6i@icq.com,380-(289)728-1557
Robert Freeman,rfreeman24@merriam-webster.com,55-(152)690-9156
Wanda Lewis,wlewis56@e-recht24.de,55-(720)274-2093
Doris Diaz,ddiaz78@wikimedia.org,86-(583)734-1441
Jean Morgan,jmorganbx@over-blog.com,62-(112)463-9049
Patricia Bowman,pbowman7j@vimeo.com,503-(679)152-7199
Debra Murphy,dmurphymb@cisco.com,371-(191)602-4976
Adam Bailey,abailey1h@amazon.co.uk,63-(456)694-7079
Joe Andrews,jandrewsh1@domainmarket.com,54-(870)682-5066
Henry Hunt,hhunt2g@amazon.co.jp,372-(129)620-3715
Sandra Kennedy,skennedy2m@opensource.org,255-(785)226-2371
Jane Riley,jriley36@reference.com,63-(497)723-3168
Mark Fernandez,mfernandezjb@yellowpages.com,7-(359)656-1442
Judy Watkins,jwatkins6o@earthlink.net,86-(969)960-1066
Carolyn Ellis,cellispo@uiuc.edu,502-(710)366-8063
Raymond Wilson,rwilsond3@bbb.org,86-(256)192-3150
Earl Ryan,eryancp@cpanel.net,420-(715)879-9867
Ruby Jordan,rjordan81@twitter.com,62-(596)620-7623
Christopher Burke,cburkei@independent.co.uk,86-(719)282-5165
Andrea Medina,amedina7@netvibes.com,86-(229)971-6469
Denise Castillo,dcastillo63@netvibes.com,55-(707)906-5343
Kenneth Morrison,kmorrison4j@goo.gl,1-(205)765-5826
Debra Hudson,dhudsonq9@ft.com,52-(259)278-5491
Emily Olson,eolsong1@state.gov,86-(441)102-5463
Craig Hayes,chayesdl@irs.gov,86-(176)322-0169
Norma Chapman,nchapmanjg@drupal.org,353-(127)675-1274
Henry Stewart,hstewart5v@typepad.com,86-(983)950-4989
Rachel Watkins,rwatkinsas@goodreads.com,86-(254)314-5478
Robert Bishop,rbishopee@columbia.edu,54-(776)463-7087
Laura Kim,lkim6a@irs.gov,976-(366)805-8096
Jennifer Harris,jharris7n@scribd.com,55-(428)304-3464