Holdlamis,HP uCMDB,Turn Around Management,Jet Engines
Alpha,PPC,Retirement Planning,Drums
Duobam,Updos,Gift Tax,Facebook
Sub-Ex,RTM,GFAAS,Cross Functional Team Building
Bitwolf,DFLSS,XSD,Microsoft Dynamics
Bitwolf,JDOM,Entity Framework,XCAP
Tin,Situational Awareness,PPO,NIMS
Sub-Ex,Vacation,Sports Injuries,XMPie
Y-find,UWB,VB.NET,Yardi Voyager
Daltfresh,Year-end Close,BDD,McKesson PACS
Gembucket,Egyptology,Zuken,NVR
Biodex,MPE,Observational Astronomy,Counseling Psychology
Tempsoft,Community Development,LMS Test.Lab,OTM
Zoolab,HTML5,Workforce Planning,Jet Fuel
Bigtax,Mood Boards,Life Sciences,NDT
Sonair,BtB,User Interface Design,PDL
Sonair,TPNS,NCSS,Efficent
Temp,Live Events,Algebra,Roth IRA
Toughjoyfax,Cybercrime,OGRE,RFP Generation
Kanlam,RTA,SAP EBP,UC4
Ronstring,Food Quality,SOA,MMIC
Sonsing,Employee Handbooks,Microsoft Dynamics,Overseeing Projects
Vagram,User Interface Design,Hodes IQ,Avid Media Composer
Domainer,QINSy,HDTV,Csh
Y-find,GPON,Petrochemical,Jazz Dance
Viva,Corporate Identity,QAD,SBIR
Zamit,SRT,Hospitality Management,Image Editing
Daltfresh,SIP,PMO Development,Singing
Gembucket,GTAW,Executive Administrative Assistance,Kurzweil
Tampflex,DCS,Program Development,EWS
Temp,FX Spot,Zend Server,RMAN
Sonair,GWAS,Erosion Control,Wellness Coaching
Vagram,Botany,Smart GWT,SMTP
Fixflex,ebXML,Bylined Articles,Geomatics
Keylex,Target Identification,JDE Enterprise One,RSA enVision
Zoolab,Juniper JNCIA,SAP XI,Nslookup
Bytecard,GWT,Oracle RAC,Spring Framework
Keylex,Fashion Blogging,FPC 1,FTR
Job,Mythology,CCIP,Tortoise SVN
Subin,Kaizen Leadership,WordPress,VAT
Span,Operational Planning,GMDSS,AU
Domainer,CSI,Core Banking,DCAA
Y-find,Target Costing,NCARB,Drainage
Solarbreeze,GS1,Program Development,Eze Castle
Bamity,OJEU,Klarity,Control Systems Design
Gembucket,MDA,Combined Cycle,IES Virtual Environment
Zaam-Dox,ICP,Aqualogic,NCSS
Flowdesk,Hyperion HFM,MP3,IRIS
Gembucket,iGrafx,NGN,GBS
Bitchip,HSDPA,TVCs,TFSA
Toughjoyfax,European Politics,Festivals,DTH
Alphazap,Jetty,MFR,RF Engineering
Stringtough,LPS,E-on Vue,WS-*
Bitwolf,Turf,Blue Ocean Strategy,Ion
Stronghold,EKG,Training Delivery,Zuora
Ventosanzap,Executive Management,WMOS,HIPAA
Keylex,MC2,IATSE,Long Distance Running
Andalax,Biodiversity,KBOX,Retail
Sonair,LNG,Ffmpeg,SFX Editing
Latlux,Videography,Autodesk Inventor,RCS
Gembucket,Corporate Finance,VDI,Microsoft Office
Greenlam,Psychosocial,Lawson HRIS,Social Media Outreach
Voyatouch,Value Stream Mapping,Twitter,FFE
Kanlam,RSA enVision,HTRI Software,LVS
Mat Lam Tam,RHCE,Environmental Issues,Supply Chain Optimization
Zontrax,Work Very Well with Others,Tier II Reporting,SFDC
Alpha,Backbone.js,NSI,American Welding Society (AWS)
Veribet,Vessel Operations,GCCS,RFID
Subin,ODD,Axles,Capacity Building
Tampflex,TTCN-3,Portraits,DBMS
Pannier,Book Illustration,Yarn,FQHC
Subin,Russian,DCS,Singing
Zamit,Behavior Based Safety,JSONP,RF Design
Latlux,HSIA,Olympic Lifting,DC Drives
Opela,JCAPS,RTLS,WCSF
Fintone,Kaspersky Antivirus,Geological Mapping,DDoS
Keylex,Medical Affairs,QPST,DMAIC
Lotlux,dsPIC,TSS,Feasibility Studies
Transcof,WSAD,BOSIET,cDNA
Voltsillam,CA Unicenter NSM,Vectorworks,IT Management
Fix San,Policy Analysis,AJAX Frameworks,HCSS
Bamity,GBA,SSL,SketchUp
Pannier,Vocal Coaching,Stand-up Comedy,Fashion Shows
Home Ing,TyMetrix,RDCS,SSOP
Y-Solowarm,CNOR,EBITDA Growth,Pyxis
Stim,Aluminum,Zynx,DBMS
Zathin,Financial Advisory,LTV,ICP-OES
Ronstring,After FX,Publications,USDA
Tempsoft,Hyperion EPM,Erlang,VCM
Cardguard,Driven By Results,International HR,CFM
Flowdesk,Financial Planning,Equity Derivatives,Fashion Buying
Ventosanzap,HW/SW integration,Frame Relay,Electricity
Span,KVM Switches,Finance,Xetra
Hatity,Investments,ZenCart,Time Management
Ronstring,Menu Development,American Sign Language,IICRC Certifications
Cookley,Report Writing,Sungard GMI,HSQE
Biodex,Gyrotonic,Alternative Medicine,RCP
Tempsoft,DVB,Simulink,PFTrack
Sub-Ex,TDR,Market Risk,Hypertension
Biodex,MBAL,Perl,Pharmacy Benefit Management
It,Army,American Sign Language,Medical Nutrition Therapy
Ronstring,Early-stage Startups,qPCR,VAS
Fix San,RWD Info Pak,Fertility,Karate
Cardguard,Distributed Systems,European Computer Driving Licence,Sarbanes-Oxley Act
Sub-Ex,Therapeutic Areas,Logistics,Value Engineering
Wrapsafe,Knowledge Base,Due Diligence,Early Childhood Development
Zoolab,Risk Assessment,Festivals,Creative Strategy
Regrant,DFMA,Not for Profit,UE
Zamit,Test Driven Development,HD Video,Geological Mapping
Duobam,ATM Networks,Pastoral Counseling,GSM-R
Duobam,Critical Illness,LSF,Django
Daltfresh,UDDI,Key Account Management,Hazardous Waste Management
Aerified,EFQM Excellence Model,Web Services,Security Operations
Voyatouch,Drilling Engineering,IPS,Lloyds
Mat Lam Tam,Canon DSLR,Branding,Private Duty
Home Ing,Childhood Obesity,Alzheimer&#39;s Disease,Volunteering
Hatity,Kaizen Blitz,Fine Art Photography,RUP Methodologies
Subin,XML Standards,Immunohistochemistry,Music Education
Y-Solowarm,Web Content,Tour Management,TK Solver
Y-Solowarm,Aircraft,Citrix XenApp,Pre-owned
Flowdesk,JBA,HRIS Database Management,Patrol
Tres-Zap,xCP,PCR Primer Design,DBWorks
Solarbreeze,BMX,HTRI Software,Kaizen Leadership
Voyatouch,Market Risk,MVNO,Kinesio Taping
Regrant,Live Events,xUnit,vShield
Domainer,XBRL,Brand Development,Vsftpd
Keylex,European Union,Kuka,Nutrition Education
Flowdesk,FBO,Google Docs,Print On Demand
Latlux,FBO,OATS,Quality Management
Alpha,Motivational Speaking,IBM Servers,Avid DS Nitris
Ventosanzap,LPI,MRI,Critical Illness
Cookley,BDC,Security Operations,Ecology
Y-find,Time &amp; Attendance,MPI,DBE
Stim,NLP,PMO Services,Pdf
Matsoft,MCITP,SVG,Ocean
It,RRC,JSLint,Customs Regulations
Ventosanzap,Economic Modeling,Project Implementation,Capital Equipment Sales
Subin,OSHA,Rheology,RMS
Greenlam,Yammer,QSE,Start-up Ventures
Tin,European Politics,Kundalini Yoga,GDS systems
Bitchip,OCaml,Slide Preparation,GIMP
Cardguard,UK Law,Jive SBS,Tunnels
Stronghold,gSOAP,Legal Issues,Molecular Biology
Redhold,Food Preparation,Niche Marketing,Rapid Prototyping
Bytecard,Awareness Raising,IGMP,Xilinx ISE
Bigtax,NPR Report Writing,Citrix,Student Affairs
Andalax,VMware View,Interest Rate Swaps,NX-OS
Zathin,Pitching Ideas,Natural Resources,IR Spectroscopy
Regrant,NYSE,Loss Prevention,DVD
Stringtough,Angel LMS,Kodaly,Integrated Circuit Design
Daltfresh,Residential Homes,Real Estate Due Diligence,Museum Collections
Alphazap,.htaccess,SAP BI,RCV
Flowdesk,NI Multisim,Adobe Creative Suite,MRI Plus
Rank,Vendor Relationship Management,GIMP,FCIP
Zaam-Dox,NPL,Pre-owned,Vulnerability Assessment
Trippledex,Trail Running,Ember.js,Western Blotting
Span,Type 1 Diabetes,OC RDC,High Yield Bonds
Subin,International Trade,AutoCAD Architecture,Practice CS
Zaam-Dox,Apparel,Facilitation,Medicine
Solarbreeze,PTT,Erosion Control,DLNA
Asoka,Eurocodes,Adobe Creative Suite,Appeals
Sonair,DH+,MMR,Business Strategy
Cardify,Sports Nutrition,FHA,IIS
Zontrax,Observational Astronomy,DNSSEC,X-ray
Cardguard,JSONP,Ext JS,Norton Ghost
Tin,ADP ezLaborManager,VTL,Drafting Agreements
Voltsillam,SSEP,JES2,Pneumatics
Greenlam,DUI Defense,FHA Financing,CMBS
Voltsillam,Gaming Industry,WFO,LCR
Zathin,Accounts Receivable,Statistics,OLTP
Matsoft,Website Development,Root Cause Analysis,Zinc
Fintone,JDO,ODI,Emerging Markets
Holdlamis,PFMEA,global HCM,Zoom
Pannier,Microsoft Dynamics AX,LMS Test.Lab,FMA
Alphazap,OMA,Experimentation,QIP
Pannier,Psychotherapy,Literature,QCAT
Sonsing,Brokerage,AAAHC,Business Development
Cookley,CGEIT,Planning,Utilities
Fix San,FFE,LLC,RSA SecurID
Cardguard,Bylaws,Historical Research,YUM
Span,TCO reduction,OJEU,Avaya IP Telephony
Tresom,RLC,Lean Manufacturing,GPCRs
Flowdesk,Play by Play,JGrasp,Home Staging
Sub-Ex,Treatment,SDL,Zend
Fintone,CMDB,LDS,Social Justice
Cookley,QALoad,Veneers,HDMI
Zathin,International Real Estate,Managed Services,OLAP Cube Studio
Mat Lam Tam,GFSI,TCR,EWP
Gembucket,Accounts Receivable,MCAD,Axure RP
Latlux,eGRC,Iptables,Data Analysis
Flowdesk,Project Portfolio Management,Information Assurance,RTSP
Zathin,Kofax,Tomcat,Farms
Stim,Disability Insurance,MGCP,Tax Preparation
Tempsoft,NIMS,LTL,RCS
Gembucket,Fractional Ownership,Irrigation,Law Enforcement
Y-Solowarm,TSM Administration,CSM,Topographic Surveys
Wrapsafe,OLA,Human Capital,Variable Data Printing
Konklab,Event Management,PNF,Financial Risk Management
Keylex,QPS,Guest Recovery,Non-profit Administration
Bigtax,SAP SD Module,Partnership Taxation,LCR
Voyatouch,QCAT,Private Equity,CGI
Vagram,Data Center,KCS,FCE
Rank,QC 9.2,AAT,UIX
Bytecard,DFT,Organizational Development,Thermal Oxidizers
Solarbreeze,Aquatics,Police,Xero
Tampflex,HRIS,Performing Arts,ICT
Bitchip,PTMS,TSRM,IPTV
Latlux,XMLBeans,Windows Vista,User Research
Span,EASA,ODS,BBEdit
Duobam,Radiology,Credit Risk,WPF Development
Ventosanzap,HDS,BWA,Euphonium
Alphazap,Axles,Holistic Health,European Integration
Matsoft,LDI,Lyric Soprano,Retirement Planning
Kanlam,Microsoft Project,Oil &amp; Gas Industry,Application Architecture
Duobam,Emergency Services,NCIE,Turf
Veribet,RFC,Consumer Behaviour,MYOB
Ronstring,SDL Tridion,PFEP,Knitting
Lotstring,Fleet Management,Job Descriptions,Waxing
Bigtax,Teamwork,DLL,PDL
Trippledex,eEye Retina,Distribution Center Operations,CVE
Quo Lux,Science,Gw Basic,Capital Equipment Sales
Keylex,Ozone,TFTP,Government
Stringtough,Flash Animation,Genetics,Solvency II
Konklux,Ulead VideoStudio,Durable Goods,BSF
Biodex,Road Safety,GPS Applications,Water Resources
Mat Lam Tam,Internal Controls,NXP,Database Administration
Zoolab,GWAS,Data Integration,TF-CBT
Bigtax,DDTS,GIMP,NPO
It,Alternative Energy,TWS,Order Picking
Latlux,Radio Production,Blues,TWIC Card
Konklux,IVDD,JTA,HR Information Management
Tresom,Scrum,EEM,EOB
Quo Lux,Vehicle Dynamics,LabWindows/CVI,ODBC
Sub-Ex,Mentoring,Piano Playing,Air Quality
Latlux,iVantage,PFTrack,TCLEOSE Instruction
Stim,Qt,UWB,OID
Sonair,Whiplash,Aviation,GVP
Y-find,CCIE,VPP,Behavior Based Safety
Veribet,DC Drives,LPI,Electricity
Mat Lam Tam,RNA,LabVIEW,ICD-10
Lotlux,Whiplash,IAM,Market Knowledge
Alpha,MSP Practitioner,ERD,XOG
Tempsoft,Strategic Sourcing,Digital IC Design,CVaR
Stim,Whole House Renovations,Branding,RSL
Domainer,TSCA,Asset Protection,RDL
Y-Solowarm,OA Framework,User Interface,VSE
Duobam,AWS CWI,InfoComm CTS,Personal Injury
Bitchip,Visual Studio,Equipment Maintenance,Wholesale Banking
Tampflex,Nanoparticles,IBM Utilities,Zebra
Stim,Umbilicals,SV,Microsoft Exchange
Y-Solowarm,Gstreamer,Karl Fisher,ATLS
Rank,Plant Identification,Play Therapy,Operational Due Diligence
Sub-Ex,Commercial Photography,Marketing Strategy,FF&amp;E Procurement
Keylex,SGE,Google Apps,Data Guard
Fix San,FX Spot,Strategic Thinking,SMSTS
Ventosanzap,AACR2,Kundalini,XML Standards
Wrapsafe,OCaml,RF Systems,Ghostwriting
Lotstring,Patrol,Trend Analysis,Fax
Fixflex,Design for Manufacturing,Executive Protection,Jewish History
Bamity,Engineering Management,JConsole,Visual Merchandising
Zamit,HP Storage,Leadership Development,TV series
Andalax,Chemical Engineering,Xenix,DBU
Opela,Consulting,NXP,Practice CS
Lotstring,Live Events,Product Development,Traditional IRA
Stronghold,FF&amp;E Procurement,Occupational Health,McAfee Antivirus
Konklux,Aerobics,Compensation &amp; Benefits,Equity Capital Markets
Rank,CGI scripts,MHE,System Testing
Alpha,eHealth,ILS,Psychology
Y-find,Foreclosures,Siding,Reality TV
Bitchip,Human Resources,Microsoft Project,OHSAS 18001
Cookley,Cement,Umbrella Insurance,Amazon EBS
Sonair,IFS ERP,Claims Handling,Ayurveda
Redhold,Djembe,FMS,Zend
Flexidy,Contractual Agreements,Circuit Design,Spanish
Zontrax,Web Analytics,EEO,Constructive Feedback
Ronstring,CTP,Conservation Issues,XMLHTTP
Solarbreeze,WHIMS,Theory,Microsoft Dynamics AX
Tampflex,Beer,PPAPs,OllyDbg
Greenlam,Gastroenterology,Awesomeness,SQLite
Temp,Soft Skills,Grief Counseling,Foreign Trade Zone
Zathin,Military,DLC,DDoS Mitigation
Cookley,Genomics,European Computer Driving Licence,HLSL
Bytecard,OTA,CGI,Bluetooth
Fixflex,FCNSA,OC RDC,Job Costing
Alpha,Fragrance,Outsourcing Management,Theatre
Latlux,DS4000,Analytics,Offshore Oil
Tin,IASO,Life Cycle Assessment,MDS
Otcom,NRP,MSP430,Turbomachinery
Zontrax,Siebel,Press Releases,Home Health Agencies
Sonsing,PKI,Mac OS X Server,Abstracting
Vagram,Academic Advising,National Association of Realtors,Analysis
Keylex,TMN,Strategic HR,AC/DC
Domainer,CP,Digital Journalism,Xcart
Bitchip,Dynamic Speaker,Fractional Ownership,Client Aquisition
Cardguard,CQC,NDE,BPH
Overhold,Eggs,Safety Management Systems,IAR
Quo Lux,DBU,DCP,UAV
Zoolab,Eye Exams,QSI,PFlow
Greenlam,Digital IC Design,ISO,Business Object
Zoolab,Omron,OO Software Development,BMC Portal
Prodder,Budgeting,Submittals,IBM Utilities
Stim,CPR Certified,Drafting Agreements,ZoomInfo
Bitchip,Corporate Identity,MP2,Urban Planning
Regrant,AutoCAD Civil 3D,Nickel,CQA
Biodex,Hardware Diagnostics,GMPLS,HttpUnit
Duobam,e-QIP,DXX,CFML
Asoka,Wind Turbines,Krav Maga,IP
Redhold,PKCS,IBC,CPIM
Stronghold,RHEL,Apache ZooKeeper,XSS
Kanlam,TS2,Start-ups Management,Hatha Yoga
Y-find,Ultrasonics,LVS,Theatre
Asoka,Characterization,MDX,Interviewing Skills
Prodder,DTS,CVS,Ksh
Matsoft,Location Intelligence,Experion PKS,HUD
Transcof,CPE,Peer Tutoring,PFI
Lotlux,MPIO,Vacation,iWork
Bytecard,Invertebrate Zoology,MMORPG,PMM
Konklux,RCMS,CCIP,Construction Loans
Quo Lux,High Yield,AMBA AHB,IA32
Subin,Landlords,Energy Efficiency,VCL
Solarbreeze,Award Winner,EAI,Eye Surgery
It,WLAN,UV-Vis-NIR,Affiliate Networks
Tin,IxChariot,QMF,NCSS
Y-Solowarm,NDMP,MPEG Streamclip,ASP.NET AJAX
Lotstring,Snow Leopard,Bloomberg,RPAS
Sonsing,BMR,ILOG,ILOG
Konklux,FPGA prototyping,FQL,PVTsim
Temp,Music Education,FTTx,CPA
Temp,CMC Regulatory Affairs,Medical Devices,DCP
Alpha,FDCPA,Recognition Awards,Ethnography
Solarbreeze,Alternative Investments,Electrical Troubleshooting,Military Aviation
Fix San,eGate,Mortgage Lending,MLSS
Lotlux,CDISC,Comic Book Illustration,Voiceovers
Home Ing,GML,Airframe,FpML
Treeflex,Kitchen &amp; Bath Design,CPR Certified,Helicopters
Zontrax,Pressure Vessels,Basic HTML,NVU
Zoolab,RSoft,Pre-owned,International Tax
Overhold,Bonds,HMI Design,WYSIWYG Layout Tools
Otcom,Lyrical,HP Storage,MCS
Lotlux,CTD,Kohana Framework,Ehcache
Ventosanzap,AHWD,VBScript,Pyrolysis
Overhold,Educational Technology,Onboarding,xPC Target
Voltsillam,LLP,Early Childhood Literacy,PDI
Duobam,Tax Research,Silverlight,Industrial Hygiene
Otcom,IFC,Solution Architecture,EOR
Cardify,RLC,Equity Capital Markets,GCS
It,WLM,Emergency Nursing,US Tax
Otcom,IHT,ASME,MSC Patran
Duobam,Layout,XBRL,NGN
Bigtax,Utility Construction,HMC,DMX
Keylex,Human Resource Development,WebSphere MQ,Yellow Belt
Mat Lam Tam,JVC,Git,Electric Guitar
Veribet,XPages,Affordable Housing,Credit
Ventosanzap,GSX,XFOIL,RSA enVision
Duobam,Nios II,MBE,NSPS
Namfix,Educational Technology,OMB A-123,HP Server Hardware
Flexidy,JPEG2000,eGRC,MDI
Veribet,Broadcast Television,Homeland Security,PBX
Rank,Demand Generation,GPRS,TMS320
Ronstring,VxWorks,IAX,Zebra
Alphazap,JCO,Drainage,SOA BPEL
Bitchip,DP,MMA,Mysticism
Andalax,Supply Chain Management,LDD,RVs
Alpha,PQRI,CPCU,Switchboard Operator
Span,Security Awareness,NBS Specification,Analytics
Duobam,On Location,Static Timing Analysis,VST
Konklab,Yellow Book,CAESAR II,Visio
Fintone,NHibernate,Professional Liability,Java Applets
Domainer,ASME,Wellbeing,iPod
Matsoft,Academic Advising,Sustainable Agriculture,NHibernate
Treeflex,PQQs,TFT,Tax Research
Flowdesk,CICS,Twill,VSD
Viva,E-commerce,Private Piloting,Shopper Marketing
Keylex,Copy Editing,Ffmpeg,Corporate Finance
Veribet,Back Office,FPA,Layout
Lotstring,DPM,Nslookup,WSAD
Opela,CBEST,Drilling Engineering,Commercial Litigation
Lotlux,Character Rigging,VMI Programs,Air Traffic Control
Tin,Oil &amp; Gas Accounting,Rhino 3D,TMMi
Y-find,System Architecture,Vehicle Dynamics,JDA
Regrant,Axles,WDK,IEX Total View
Prodder,Community Development,LGD,GTS
Opela,VLR,PTF,Analytics
Zontrax,CTQ,Medical Education,Team Building
Stringtough,Order Fulfillment,PPV,DVB-C
Vagram,English,Ultiboard,Bookkeeping
Stringtough,Baan ERP,Investments,SSD
Overhold,Social Services,BPWin,PTH
Lotlux,Life Sciences,Nursing Care,PKCS
Rank,Key Account Management,Geotechnical Engineering,Medical Affairs
Y-Solowarm,Salesforce.com,Copy Editing,NLS
Hatity,Wheat,VCM,Cluster
Wrapsafe,Kitchen &amp; Bath Design,PKMS,Qt Creator
Ronstring,Talent Management,Easytrieve,FBCB2
Alphazap,eBay,Juvederm,Reactive Ion Etching
Zaam-Dox,ICP-OES,Strategic Communications,European Computer Driving Licence
Zamit,eBay,SRDF,DNA fingerprinting
Tres-Zap,LDRPS,Family Therapy,HP NonStop
Aerified,DITA XML,ISO 9001,Manufacturing Operations Management
Fix San,Myofascial Release Therapy,CTFL,Pyxis
Bamity,Type 2 Diabetes,MFS,Economics
Otcom,CDL Class B,Payment by Results,Eclipse
Cardify,Jury Trials,Zooarchaeology,DNSSEC
Treeflex,CVaR,High Net Worth Individuals,Switching
Veribet,Foreign Languages,Certified EKG Technician,IXOS
Konklab,JTIDS,CBEST,Snacks
Tres-Zap,IO,Autodesk Inventor,CNC Mill
Matsoft,SAP SRM,NNTP,JP54
Voyatouch,EPC,Rooms Division,UL
Asoka,Health Promotion,GIS systems,WF
Voyatouch,MRI Plus,LSAMS,Project Portfolio Management
Redhold,PDI,Java,GPFS
Konklux,RED MX,Globalization,RNA
Bitchip,RFQ,Equestrian,Oilfield
Namfix,Tiles,Errors &amp; Omissions,Employee Relations
Namfix,ICT Governance,Vehicles,Agility
Zontrax,Road Traffic,Risk Analysis,Visual Communication
Lotstring,Oncology,CSLA,MDOP
Voyatouch,NLP,Outdoor Education,BSC
Ventosanzap,HMI Programming,MXG,Video Games
Subin,Politics,Linux KVM,Start-up Ventures
Bitchip,KCS,International Tax,BC/DR
Flexidy,WSAD,Requirements Analysis,GMI
Tampflex,MCSD,Ignite-UX,Circuit Design
Stronghold,Project Implementation,Medication Therapy Management,Human Capital Management
Keylex,Economics,After FX,Transportation
Fintone,Bank Reconciliation,DDA,Kenan FX
Ventosanzap,Aircraft Design,JPA,XSLT
Flexidy,Game Design,New Home Sales,Gold
Toughjoyfax,McKesson STAR,Emergency Medicine,Therapeutic Massage
Stronghold,BSS,Mobile Devices,Metal Fabrication
Job,BMC Portal,DVP&amp;R,Utility Systems
Lotlux,DDA compliance,Qik,Typewriter
Kanlam,PPMS,IBM AIX,Strategy
Flowdesk,Style Guides,French,WLL
Zamit,Vray,Customer Insight,DLPAR
Tresom,Variance Analysis,Test Driven Development,XMetal
Wrapsafe,OTV,NX-OS,CGI programming
Konklab,GFSI,Customer Service,Zuora
Gembucket,Vital Signs,DCS,Jury Trials
Tresom,Jib,Petroleum Engineering,RVs
Job,XPath,Marketing,Communication
Zoolab,HCS 2000,Analytical Ultracentrifugation,MQL4
Veribet,Jetty,NS2,Historic Preservation
Daltfresh,RTOS,Switchboard Operator,Product Life Cycle
Solarbreeze,Microcontrollers,Process Automation,Gas Turbines
Holdlamis,Navisworks,Store Management,Obedience
Sub-Ex,Ultra Low Latency,PwC TeamMate,Photos
Hatity,HFM,Oxygen XML Editor,NRP Instruction
It,HLA,Turbo C++,Sqoop
It,Spring MVC,Home Care,Print On Demand
Lotlux,QRM,Workforce Planning,CDL Class A
Opela,Gypsum,SAP SD,Pro II
Hatity,Eclipse,XACT,Observational Astronomy
Hatity,Big 4,RPG II,OOAD
Tempsoft,Komodo Edit,MS Integration Services,Modeling
Fixflex,Power Utilities,Asset Protection,FSMS
Andalax,OmniGraffle,CPLEX,Brand Architecture
Gembucket,MW,Industrial Ethernet,Transportation Management
Prodder,Digital Signal Processors,Ships,Kitchen Cabinets
Cookley,Athletics,Consulting,Database Administration
Konklab,FHA,Axis2,Document Imaging
Opela,PQRI,FF&amp;E Procurement,Pulse Oximetry
Daltfresh,DSL,Go,Mac OS X Server
Cardguard,Career Development,Political Risk Analysis,PCI DSS
Matsoft,SAP BPM,mLearning,Siding
Duobam,Value Engineering,DP,Video Production
Flowdesk,Functional Specifications,OS/390,ODBC
Temp,QFD,CCENT,Business Ideas
Domainer,Juvenile Law,LabVIEW,WSAD
Alpha,Zoology,OECD,XFP
Quo Lux,PVSyst,DCID 6/3,NRSWA
Subin,IFE,JSON-RPC,IBM Servers
Voyatouch,McAfee Antivirus,ESB,Succession Planning
Konklux,Cross Functional Team Building,ISO 27001,After FX
Mat Lam Tam,LLVM,Mystery Shopping,Job Costing
Voltsillam,Website Updating,Home Health Agencies,Hg
Bitwolf,DC-9,Apollo GDS,SBA
Y-find,UCSC Genome Browser,MSC Patran,Ambulatory Care
Toughjoyfax,DDA,AMSI,HDCAM
Keylex,BMC Remedy Ticketing System,Employer Branding,Glasses
Flexidy,Rail,Ultra Low Latency,IFM
Latlux,Afghanistan,Team Management,Welding
Trippledex,Cross Functional Team Building,AAT,LCS
Bamity,Runway,Mortgage Underwriting,PFI
Y-Solowarm,NYMEX,RFC,WLI
Home Ing,Online Advertising,Civil Society,QPST
Bytecard,Yii,WCF Services,IVDD
Zamit,Vocal Coaching,Dry Eye,Nutrition Education
Tampflex,Brand Management,Internet Banking,Swift
Matsoft,Pensions,iFix,SBIR
Zoolab,Molecular Cloning,ISO 14971,Target Costing
Stronghold,Upstream,SFP,VLS
Voyatouch,Supporting Others,DVD Authoring,ArcGIS
Span,BWA,Eaglesoft,Systems Analysis
Tresom,JP54,MRI,News Writing
Regrant,Outdoor Advertising,Kaizen Leadership,Wholesale
Opela,HCAHPS,User Experience,IEC 61508
Fintone,UDF,vBlock,Trading Systems
Sonsing,WLR3,CSG,CP
Zontrax,Youth Mentoring,AutoCAD Civil 3D,VW
Tresom,Cold Calling,Turkish,z/VM
Alphazap,Fitness,CCNA,User Interface Design
Transcof,Jury Trials,RF Engineering,MVC Architecture
Cardify,American History,Location Intelligence,OTA
Tampflex,RMAN,SharePoint Designer,DS4000
Zoolab,UVM,OLEDs,Store Operations
Trippledex,WSE,Hypnotherapy,Kodak
Bytecard,Outplacement,Bookkeeping,DX200
Overhold,SMT Kingdom,JBoss ESB,RFID+
Domainer,Psychometrics,General Ledger,CPT
Andalax,Revenue Cycle,BMI,DLPAR
Mat Lam Tam,AXE,Financial Services,NGL
Tampflex,Ext JS,PET-CT,Epistemology
Span,Cytogenetics,Hoshin Kanri,CSA 2010
Transcof,PPC Bid Management,WebSphere MQ,HPLC-MS
Sonsing,Legal Issues,Motivational Speaking,TPF
It,Keil,Secretarial Skills,MICROS
Mat Lam Tam,nVision,EPANET,Print On Demand
Matsoft,Lyrical,Cerner CCL,z/VM
Zamit,FX Spot,SAP OM,New Hire Orientations
Bitchip,CND,Durable Medical Equipment,Therapeutic Areas
Pannier,RMAN,RF Systems,Rheumatology
Konklux,Market Risk,Nortel DMS,Glassfish
Namfix,LDPE,CPLD,VRU
Cookley,Publications,Zoomerang,DV Cleared
Pannier,Patient Advocacy,GSI,MVT
Stringtough,TMDLs,RRIF,TKI
Bytecard,High Net Worth Individuals,RSA Tokens,TFF
Zontrax,HDMI,Legal Assistance,High Sense Of Urgency
Latlux,iGaming,Navisworks,UML Tools
Bamity,CNC Mill,NTP,Ticket Sales
Vagram,CDO,RMF,Juvenile Law
Tresom,Blood Typing,History,Ocular Disease
Hatity,Knowledge Sharing,Nanomaterials,DNS Management
Hatity,CPCU,Army,HP Networking
Opela,Dysarthria,FCC,Reaction Kinetics
Aerified,IBM XIV,International Logistics,MRI
Greenlam,JGroups,BTS Installation,Personal Training
Biodex,TS,LLC,Zend Studio
Rank,DTDs,CQT,XP/Vista/7
Aerified,AJAX Toolkit,Android,Classroom Management
Andalax,Property Management Systems,OA Framework,Jazz
Biodex,VSEO,Airframe,Molecular Cloning
Mat Lam Tam,HR Metrics,DGGE,Analytics
Zaam-Dox,NC-Verilog,QHSE,Big Box
Rank,MMORPG,Major Gift Development,Fashion Illustration
Fix San,Work Effectively,Branding,Juvederm
Latlux,CPT,FMCSR,NVH
Tempsoft,ERP,RF Test,JBoss ESB
Y-Solowarm,Injection Molding,Powers of Attorney,CCIE
Flexidy,ISO,HP-UX,NCP
Rank,DST,Win CVS,Non-profit Leadership
Keylex,EViews,TL1,KBOX
Latlux,TCM,First Time Home Buyers,Nutrition Education
Asoka,McKesson STAR,McData,QAS
Alpha,Online Reputation Management,Olive Oil,VHF
Flowdesk,XML Publisher,Tally ERP,Medical-Surgical
Transcof,Video Games,CD packaging,CTT
Hatity,Fiction Writing,MQL,XRR
Sonsing,IP Networking,HMI Design,Strategic Communications
Lotlux,Gifted Education,Windows 7,Drywall
Rank,Community Development,Omron,Time Series Analysis
Greenlam,DVB-C,RMX,Latin America
Vagram,MMO,MSN AdCenter,.NET
Daltfresh,OSI Model,CNA,EOD
Duobam,Olympic Lifting,CWSP,Therapists
Y-Solowarm,IPv6,Political Risk Analysis,Hand-drawn Typography
Tres-Zap,Protein Expression,Lubrication,Time-efficient
Bigtax,History,HTRF,Hand Knitting
Zontrax,Verilog,Skin Care,Outdoor Recreation
Alpha,IT Management,OSHA 30-Hour,Pdf
Daltfresh,Legal Documents,SBRT,Non-profit Leadership
Alpha,Icon Design,xPC Target,Procurement
Home Ing,Get Along Well with Others,UC4,RUP Methodologies
Asoka,QMF for Windows,Xilinx,AutoCAD Architecture
Daltfresh,Radio Promotions,GML,Oracle BPM
Cardify,EGPRS,MCITP,JFace
Redhold,Lung,Sustainability,Network Security
Pannier,IWR,CMiC,Gypsum
Bigtax,XPages,Development Economics,HTRI Software
Tin,HCFA,Counseling Psychology,Land Use Planning
Flowdesk,QSA,Transitional Justice,DNV
Cardify,Ultimate Frisbee,Photos,Foreclosures
Zaam-Dox,Oil on Canvas,BMPs,nCode
Pannier,Engineering,XSL,HLA
Cardify,Social Media Blogging,HP Quality Center,GC-MS
Cardify,Multimedia,CMMI,PTFE
Sub-Ex,Wind Turbines,PFGE,RMDS
Wrapsafe,SAP MM,DWBI,HP Networking
Vagram,Nitrous Oxide,OID,WebSphere Application Server
Stronghold,Quest vWorkspace,Journals,MRM
Cookley,KCS,Zend Server,fMRI
Otcom,HSPD-12,RDMA,HNI
Fix San,Objection Handling,Qooxdoo,Enzyme Kinetics
Tin,DCN,Cerner CCL,Tcsh
Domainer,Mobile Communications,IEC 61131-3,QS9000
Matsoft,Interpersonal Skills,Jidoka,Childhood Obesity
Bamity,IA32,Object Oriented Perl,LVDS
Opela,Time-efficient,Epistemology,Databases
Matsoft,WDF,MPI,Leave of Absence
It,Business Journalism,ArcGIS,OSHA Certified
Temp,Passionate about work,Taleo,GSM-R
Zamit,Business Ideas,SIP Trunking,Otoplasty
Treeflex,Organic Chemistry,After Effects,DWDM
Fix San,Fly Tying,VT,Geometric Dimensioning &amp; Tolerancing
Domainer,Oversight,Escrow,XAUI
Treeflex,Automobile,Landlords,Voice Over
Alpha,CXO level engagement,Usability Engineering,RNAi
Keylex,Information Technology,Tactics,JSONP
Wrapsafe,TDR,Klout,IVR
Flowdesk,SRM 5.0,JBA,Acute Care
Voyatouch,Tumblr,MCITP,GHS
Flowdesk,DPM 2010,VSOE,Architectural Design
Keylex,Simple IRA,Pastoral Care,Fedora
Flowdesk,IFR,Yin Yoga,Self-esteem
It,Yeast,TS,NDF
Toughjoyfax,Wyse,Outlook Express,OEIC
Asoka,PTP,WSAD,Music
Wrapsafe,International Tax,Performance Tuning,OmniPlan
Bitwolf,Child Development,Usability Engineering,Medical Nutrition Therapy
Sub-Ex,WiMAX,Branding,osCommerce
Flexidy,Broadcast Journalism,CX,EBMS
Daltfresh,Close Protection,Emergency Management,Packaging
Toughjoyfax,FBA,Odyssey,SSL Duality
Bamity,RFP Generation,Kofax,FDM
Span,SaaS,ICH Guidelines,NRP
Cardify,Young People,Manufacturing Operations Management,NCSim
Treeflex,JSTOR,Oxy-acetylene,Art Education
Solarbreeze,CBT,Variance Analysis,DVD
Stringtough,Zumba,Certified EKG Technician,Sound
Alpha,Kyoto Protocol,Vessel Operations,Xactly
Gembucket,DV Camera Operator,PV,GNU C
Duobam,RDL,CBD,FX Derivatives
Fixflex,JCT,MSBuild,QNXT
Hatity,UDDI,LSAT,ECDL Certification
Y-Solowarm,FTTP,Real Estate Development,QuickBooks
Rank,YUI,Eyewonder,OH&amp;S
Redhold,PCP,CDL,OMAP
Quo Lux,Basel II,Oil &amp; Gas Exploration,ICH-GCP
Biodex,DNA Sequencing,OASIS,Failure Analysis
Alpha,VC-1,Skin Care,HR Consulting
Quo Lux,ODIN,Data Management,Myofascial Release Therapy
Sub-Ex,RWD Info Pak,Olympic Lifting,Enzyme Kinetics
Cardguard,Seismic Attributes,Analytical Chemistry,Sustainable Agriculture
Konklab,Fermentation,SEM,zLinux
Solarbreeze,RC,Federal Law Enforcement,DFT
Sub-Ex,NCSS,Dtrace,OTRS
Fintone,OAB,Retail Sales,Kuka
Flowdesk,Revenue Cycle,JUNOS,DBU
Sonair,UCaaS,Slope Stability,CQT
Fix San,Zenoss,Assisting Others,Clinical Psychology
Zathin,XPlanner,KWP2000,TCR
Otcom,ATG CSC,Classroom,Yarn
Tempsoft,ISO 13485,Mythology,Cross-border Transactions
Treeflex,Mathematical Modeling,NSA-IAM,JPEG
Bigtax,Eyeon Fusion,Hair Cutting,ASP
Viva,RTCP,Yeast two-hybrid,BSI Tax Factory
Sub-Ex,TCR,UIX,MQL
Zathin,LDP,MCNP,Kitchen Remodeling
Overhold,Tax Accounting,JSTL,Rock Music
Bitwolf,VCL,1H NMR,FMCG
Ventosanzap,Zeolites,Computer Graphics,KDevelop
Zamit,Fixed Income,RCRA,Quality Auditing
Asoka,Sun One LDAP,TQC,Typo3
Gembucket,OEE,Wealth Management,HDF5
Latlux,Ticket Sales,Immunology,Scientific Writing
Span,DB2,Hypertension,SSD
Voltsillam,AMSI,Rehabilitation Psychology,Family Therapy
Domainer,Oxygen Therapy,OS/390,Spring DM
Ventosanzap,Xenix,Financial Audits,Low Voltage
Flowdesk,HSPA,HFM,Pdf
Keylex,EPiServer,Integration,JTAPI
Toughjoyfax,HL7,MW,Aspen HYSYS
Trippledex,Aerial Lifts,PDL,Overall Wellness
Transcof,EGPRS,Artistic Eye,Overall Wellness
Redhold,VLS,z/VM,Overseas Experience
Cardguard,MCSD,JCE,Conservation Issues
Kanlam,Play-by-play,HDL Designer,TVC
Bitwolf,Oxygen,Mobile Marketing,Test Planning
Zoolab,VSA,Kanban,RFQ Development
Asoka,Key Opinion Leaders,Westlaw,Kontakt
Quo Lux,Xara,Digital Electronics,Purchasing
Ronstring,Non-profit Leadership,TCAS,Radio Advertising
Fixflex,Failure Analysis,TQM,Semantic HTML
Bitchip,Mobile Applications,Small Business Online Marketing,Alternative Medicine
Flowdesk,Governance,Routers,MPEG
Temp,EH&amp;S Compliance,Intercultural Awareness,Numerical Ability
Quo Lux,Urban Economics,DPR,HP uCMDB
Regrant,LRO,RSA SecurID,Basic HTML
Tampflex,English,Airline Ticketing,Platform LSF
Transcof,Eye Surgery,HSEEP,Board Certified
Quo Lux,Siebel,Gym,Workshop Facilitation
Solarbreeze,Wrongful Death,WLR3,Online Help
Matsoft,TCLEOSE Instruction,Banners,WSRR
Domainer,Inventory Control,Character Animation,Social Services
Regrant,Hedge Funds,JBoss EAP,SRP
Konklux,Government,LTD,DITA XML
Flowdesk,Lytec,HSSE,RPG Free
Alpha,Creative Non-fiction,MRM,FCIP
Y-find,LLP,z/VM,Medicare
Overhold,eHealth,USB,Slackware
Prodder,GCP,Invoicing,Creative Non-fiction
Konklab,EU Funding,LSL,Dreamweaver
Opela,PGA,User-centered Design,Business Transformation
Redhold,SFTP,Human Resource Development,ZK
Stronghold,GDS systems,GSP,Term Life Insurance
Bytecard,Urban Search &amp; Rescue,Summation iBlaze,WiMAX
Kanlam,LTD,Flatbed,GT-Power
Andalax,Computer Science,IP,ODC
Y-Solowarm,Social Psychology,Sanction II,BMP
Bitchip,JBA,Raw Materials,Cyber-security
Stim,FMLA,CSS Sprites,CCTV
Temp,CPLD,Biodiversity,Gas Turbines
Quo Lux,RVs,Copy Editing,TFSA
Treeflex,Norwegian,CFML,RS/6000
Rank,Team Building,Outdoor Kitchens,EMR
Home Ing,Small Business Online Marketing,MKS Integrity,WLST
It,Avid Newscutter,User Interface,BBx
Cardguard,IRI,Vendor Relations,vBulletin
Zontrax,Jewish Education,Vendor Relationship Management,AWS CWI
Gembucket,DOT Regulations,Cytogenetics,ATM Networks
Tres-Zap,Cultural Awareness,Reaction Kinetics,Document Drafting
Temp,Newsletters,Oscilloscope,Sleep Medicine
Konklux,Electronic Warfare,Spring DM,Shotokan Karate
Overhold,Chemistry,PTMS,Storytelling
Bitchip,UV-Vis-NIR,Identity Theft,Helicopters
Cardguard,Classical Guitar,International Economics,RSVP
Transcof,Norwegian,SQL DB2,Slate
Subin,Nuke,DNA microarray,Rhinoceros
Duobam,DDE,Mood Boards,Offshoring
Treeflex,Animal Nutrition,Corona SDK,RNA Isolation
Alphazap,Forklift Operation,Short Stories,Church Events
Lotlux,Global Strategy,IEF,SQLite
Viva,CSM,Multi-Unit,Acoustic Guitar
Transcof,Procurement Outsourcing,Loans,NS-2
Namfix,SRDF,CMiC,Union
Veribet,RPG III,X-ray,DLL
Greenlam,QSAR,Nuclear,UK Bribery Act
Hatity,Windows Server,Business Efficiency,Black Box Testing
Lotstring,Nylon,Corporate FP&amp;A,vCenter Server
Wrapsafe,Insurance,Strategic Sourcing,VMware View
Andalax,Luxury Travel,Play by Play,IM
Bigtax,HttpUnit,Occupational Rehabilitation,Metro Ethernet
Andalax,PGA,CFDesign,Inventory Management
Asoka,Humanitarian,Ironport,CSG
Zoolab,MbUnit,Notary Public,Ductwork
Tempsoft,RCSA,ILS,Strategic HR
Otcom,PDO,SNMP,Aircraft
Holdlamis,VHDL-AMS,UIM,LSF
Overhold,Big 4,Spectroscopy,Otology
Zathin,Agile Testing,Customs Regulations,Fortran
Namfix,JMeter,WSUS,Pro II
Stronghold,JVM,FBO,Brand Ambassadorship
Greenlam,Pro Tools,RSL,CFIA
Lotstring,Ruby on Rails,CCSP,RSA enVision
Alpha,FQHC,Budget Oversight,HSDPA
Lotstring,Politics,LSI,Yardi Voyager
Sub-Ex,QAC,IFRS,Utility Systems
Alphazap,UEFI,Xpediter,RNAi
Alpha,XRF,PQRI,Perl
Sonair,Image Manipulation,International Shipping,RHEL
Aerified,Subversion,CDS,JDBC
Sonsing,IV,Fitness,European Integration
Ronstring,OSHA 30-Hour,Lawson HRIS,iPhoto
Opela,Trading,LCD,Utilization Management
Hatity,IRI,Software Design,LCSH
Regrant,DV,EES,Two-factor Authentication
Fix San,Tumblr,Pallet Jack,Data Analysis
Trippledex,Online Marketing,Adult CPR,Historical Research
Greenlam,KPI Dashboards,TTD,PXE
Y-Solowarm,FHLMC,Xactly,eTOM
Flowdesk,21 CFR Part 11,Mycobacteriology,GHP
Voyatouch,Basel III,PFMEA,Fences
Tres-Zap,NCS,LDA,Academic Tutoring
Cardify,Eye Surgery,MRIS,Digital Strategy
Alphazap,nDo,Security,Wireframes
Fintone,Supply Chain Optimization,Driving Results,PWE3
Treeflex,ERD,Banquets,SSRS
Home Ing,DMS-100,Offshore Drilling,Bookkeeping
It,Purchase Management,Wufoo,Psychiatry
Zoolab,Youth Outreach,Digital Signal Processors,Feature Articles
Overhold,PDO,Eiffel,Dyeing
Tres-Zap,TCA,IT Outsourcing,Flyers
Duobam,VMware ESX,Onboarding,iReport
Flowdesk,Event Photography,Process Piping Design,Cycle Time Reduction
Konklux,Tour Operators,Two-photon Microscopy,DCF Valuation
Overhold,PMAs,VRU,IBS
Zaam-Dox,Non-profit Program Development,QS1,IXIA
Y-find,Governance,GUI development,PDMS
Tresom,Snort,Smartforms,Glass
Home Ing,Air Compressors,EBMS,Static Timing Analysis
Andalax,Zend,Broadcast Television,OxMetrics
Latlux,XPAC,Drafting Agreements,Data Mining
Holdlamis,Occupational Medicine,Manufacturing Operations Management,HTML Help Workshop
Fixflex,ZoomText,Whitewater Kayaking,CQI
Zathin,PGP,Successful Business Owner,Singing
Overhold,ePolicy Orchestrator,Squid,LSI
Andalax,Aspen HYSYS,Educational Outreach,FMCSR
Tampflex,UCP 600,GLP,Partnership Taxation
Job,MFC,Business Intelligence,VLR
Zaam-Dox,Constructive Feedback,MM modules,AASHTO
Bamity,Erlang,Oil Sands,TMS320
Zamit,TBMCS,Research,WCF
Domainer,Medical Affairs,TCR,KYC
Overhold,SnagIt,Employer Branding,Eyelid Surgery
Veribet,Aerospace Manufacturing,CMS,GCIA
Tin,Twisted,Overseas Experience,DLP
Cardify,eGRC,White Collar Criminal Defense,HMIs
Tampflex,LLDP,CVIS,XMPie
Overhold,IBM HTTP Server,Contract Management,Nslookup
Subin,Turbines,High Yield,Web Analytics
Konklab,Eyewear,Hair Care,Petroleum Engineering
Keylex,Human Resource Planning,Erlang,SQL DB2
Tin,QRM,PXE,Mycobacteriology
Konklux,High Yield,BBx,Successful Business Owner
Overhold,Yahoo Search Marketing,Carriage of Goods by Sea,Indoor Air Quality
Y-find,Bankruptcy,JNCIP,HSSE
Pannier,Oracle RAC,HBSS,CDO
Sonair,CQA,Medical Nutrition Therapy,Site Development
Cardify,Painting,VMM,Digital IC Design
Zamit,Upstream,Arbitration,Part-Time CFO Services
Zamit,CTM,Rhinoplasty,Construction Drawings
Flexidy,MCSA,BDD,Xing
Aerified,Molecular Biology,Airport Management,Xdebug
Solarbreeze,Air Compressors,Social Media Marketing,Juniper JNCIA
Flowdesk,Psychosocial,Value Engineering,Emergency Room
Opela,Soft Skills,CBP,DNA methylation
Flexidy,RHIT,RoboHelp,Oil &amp; Gas
Cardify,Change Orders,RBI,dSPACE
Flexidy,Special Events,Electricians,Language Teaching
Kanlam,Ulcerative Colitis,Keynote,Kinetic Typography
Duobam,Animal Nutrition,VMware Fusion,HP EVA
Mat Lam Tam,OAS Gold,Design of Experiments,HR Project Management
Gembucket,NHS Commissioning,In-situ Chemical Oxidation,SFX Editing
Toughjoyfax,Broadcast Television,TPNS,IETF
Stringtough,Axles,PMCS,MyEclipse
Overhold,Offset Printing,Agency MBS,Certified EKG Technician
Overhold,NFL,Eyewonder,ISO 14971
Treeflex,GPRS,Nintendo DS,Philanthropy
Trippledex,Ecotect,SAP BW,Online Marketing
Bitchip,QAC,Eclipse RCP,Report Writing
Fintone,Odeon,Image Processing,AQL
Mat Lam Tam,Music Theory,Non-profit Program Development,XUL
Fixflex,Virtualization,New Hire Orientations,Agriculture
Duobam,HSP,Music Theory,Sleepwear
Overhold,Benefits Negotiation,CMBS,Urban Infill
Fintone,Wind Turbines,Epoxy Flooring,Brand Equity
Domainer,QAC,Radio,Directing Others
Matsoft,AKTA,Sustainable Development,Creative Writing
Cookley,EBA,Financial Advisory,OEMs
Sub-Ex,Uniform Combined State Law,HDRI,MRIS
Bamity,Restorative Justice,Epigenetics,Bootstrap
Sonsing,FMA,CNN Pathfire,CNC Programing
Holdlamis,Flight Safety,OTN,ISO/TS 16949
Namfix,Torts,Enterprise Software,FPLC
Bigtax,RTSP,Sales Effectiveness,Amazon RDS
Tampflex,Geography,HDI Support Center Analyst,Security Clearance
Veribet,Swaps,Pyrography,TV series
Bigtax,JSF,Oxidation,Materials Science
Pannier,VDSL,Photo Shoots,System Administration
Overhold,UMA,IPO,Coastal Zone Management
Opela,Akka,QA Automation,HLR
Konklux,Psychology,UDF,MDF
